,Event,FP1,FP2,F3,F4,F7,F8,C3,C4,P3,P4,O1,O2,T3,T4,T5,T6,FZ,CZ,PZ
0,0,-1.1,8.7,18.8,-7.6,-8.1,-8.8,-6.7,9.9,-3.5,-3.2,-15.2,-14.2,-4.5,-8.4,-19.2,13.2,24.3,-4.3,-18.4
1,0,-1.3,7.5,20.5,-8.7,-7.6,-11.5,-8.0,9.5,-4.9,-5.8,-18.7,-11.8,-6.2,-11.2,-19.4,7.9,24.1,-4.9,-19.5
2,0,-2.7,7.1,20.4,-7.0,-8.0,-11.6,-6.7,10.1,-3.7,-6.6,-17.5,-6.8,-6.3,-11.6,-17.5,6.7,25.3,-4.6,-18.1
3,0,-4.4,7.5,19.2,-4.9,-9.5,-10.1,-5.6,10.0,-2.6,-6.4,-14.1,-7.0,-6.1,-10.0,-15.2,7.8,25.9,-5.4,-16.4
4,0,-5.0,8.2,19.0,-4.8,-11.0,-9.4,-5.8,9.2,-2.0,-4.3,-11.5,-6.5,-6.0,-7.9,-13.5,12.0,26.2,-6.4,-14.8
5,0,-4.5,8.2,20.8,-5.2,-10.8,-10.2,-4.8,9.0,-1.2,-1.4,-11.9,-3.0,-4.6,-7.2,-13.0,17.7,27.9,-5.0,-13.3
6,0,-3.2,7.6,24.1,-4.3,-7.7,-10.9,-2.1,8.6,-1.4,-2.5,-15.8,-3.5,-1.2,-8.6,-13.3,17.9,29.6,-2.9,-13.0
7,0,-1.8,7.3,26.6,-3.6,-5.1,-10.7,-0.5,6.1,-3.4,-8.4,-20.2,-7.9,0.6,-10.5,-13.8,11.3,28.9,-3.6,-14.9
8,0,-2.6,7.2,25.8,-5.1,-7.6,-10.8,-1.8,2.5,-6.3,-14.2,-22.3,-12.5,-1.1,-11.9,-14.5,5.6,26.0,-6.4,-18.0
9,0,-5.2,6.7,22.4,-7.2,-12.7,-10.6,-4.2,1.3,-7.2,-15.7,-22.1,-18.6,-3.2,-13.0,-14.9,6.2,23.7,-8.0,-19.7
10,0,-7.1,6.5,19.1,-8.0,-14.5,-9.8,-6.6,2.4,-5.2,-13.9,-19.8,-23.9,-3.5,-13.1,-14.1,9.5,23.0,-8.1,-19.1
11,0,-7.2,6.5,16.4,-9.3,-12.3,-10.6,-9.6,2.0,-3.5,-13.6,-18.1,-23.0,-3.3,-12.9,-12.4,9.9,21.7,-10.0,-19.7
12,0,-6.0,5.8,14.1,-11.0,-9.1,-12.6,-12.0,-0.2,-4.3,-15.8,-18.8,-18.7,-2.8,-12.7,-11.3,7.7,19.7,-13.5,-22.7
13,0,-4.8,5.8,12.6,-10.6,-6.7,-12.6,-12.2,-1.6,-6.4,-17.7,-20.8,-17.6,-2.3,-11.9,-11.8,6.3,18.5,-15.2,-25.0
14,0,-4.6,7.6,12.4,-8.8,-5.4,-10.8,-10.7,-1.8,-7.7,-17.4,-22.4,-16.9,-2.8,-11.5,-12.7,6.9,18.6,-14.3,-25.0
15,0,-3.8,10.4,13.5,-7.4,-4.7,-8.3,-7.6,-1.4,-6.0,-14.9,-21.5,-9.1,-2.2,-10.9,-11.5,9.8,19.8,-11.6,-23.4
16,0,-1.6,11.6,15.6,-5.5,-4.4,-4.9,-3.8,0.1,-2.4,-11.7,-19.3,-0.5,0.5,-8.5,-9.1,14.6,22.6,-7.0,-22.4
17,0,0.1,10.5,17.2,-3.3,-5.0,-2.2,-2.8,1.5,-0.8,-10.2,-20.2,-3.7,1.8,-5.8,-8.4,16.8,25.2,-2.9,-23.7
18,0,1.4,9.2,17.5,-1.5,-4.7,-1.7,-4.9,2.7,-1.3,-10.2,-21.1,-11.9,0.7,-4.6,-9.9,14.8,25.9,-1.6,-25.8
19,0,3.3,9.3,17.5,-0.5,-2.3,-2.0,-6.1,4.4,-0.8,-9.6,-15.2,-11.4,0.1,-4.6,-10.9,12.5,25.1,-1.9,-25.8
20,0,4.4,8.8,17.6,-0.7,-0.8,-2.8,-5.3,5.3,1.7,-8.5,-7.1,-8.5,0.7,-6.4,-9.7,12.7,24.1,-1.6,-24.4
21,0,2.5,6.2,16.8,-2.4,-3.7,-4.8,-5.6,4.2,3.7,-7.6,-6.1,-11.9,0.2,-9.2,-8.0,14.4,22.7,-1.3,-24.0
22,0,-0.5,4.2,14.9,-4.7,-8.5,-6.7,-7.7,2.5,3.0,-7.8,-11.0,-13.0,-2.0,-10.0,-8.0,15.9,20.6,-1.8,-25.3
23,0,-2.3,4.4,12.9,-6.7,-11.1,-7.4,-10.1,1.0,0.1,-10.3,-14.3,-9.7,-4.2,-8.3,-10.0,14.1,17.7,-2.7,-28.2
24,0,-3.4,4.5,10.7,-7.8,-11.7,-8.0,-12.1,-0.2,-2.2,-13.4,-14.9,-12.4,-5.3,-6.7,-11.8,9.5,15.4,-3.2,-31.4
25,0,-4.7,3.1,9.1,-6.9,-11.0,-8.4,-12.6,-0.2,-2.4,-13.8,-16.0,-16.3,-4.7,-6.6,-11.1,7.9,16.2,-3.3,-32.3
26,0,-4.2,2.3,9.7,-4.2,-8.2,-7.2,-10.3,1.7,-0.3,-10.3,-16.7,-8.3,-2.9,-6.8,-8.4,11.7,20.2,-2.2,-29.7
27,0,-0.8,3.7,12.3,-0.5,-4.7,-3.5,-6.3,4.7,3.3,-5.4,-12.8,3.4,-0.4,-6.1,-6.3,17.7,25.3,0.7,-25.8
28,0,3.2,5.7,14.9,2.9,-1.7,0.3,-3.1,7.5,7.2,-2.3,-6.6,1.9,2.6,-5.3,-5.4,21.3,29.1,4.4,-23.8
29,0,4.6,5.0,14.8,3.3,-0.1,-0.1,-2.6,7.9,8.9,-3.0,-3.9,-8.7,4.3,-6.4,-5.6,20.0,29.3,5.6,-25.2
30,0,3.5,2.2,11.7,0.3,-1.2,-3.4,-4.8,5.8,6.3,-6.2,-6.2,-14.0,2.4,-8.3,-8.4,16.7,26.0,2.8,-29.1
31,0,4.0,2.1,9.3,-1.3,-3.0,-3.4,-6.7,5.4,2.5,-6.9,-11.0,-12.6,-0.4,-6.4,-12.2,18.3,24.0,0.1,-31.9
32,0,6.0,4.2,9.8,0.0,-1.7,0.0,-5.8,8.7,3.2,-2.6,-13.6,-8.4,0.5,-1.2,-13.2,25.1,25.5,0.8,-29.9
33,0,4.0,2.6,8.7,-1.8,-1.8,0.2,-5.0,10.4,6.9,1.0,-11.6,-1.8,1.5,0.8,-11.5,28.1,25.5,0.7,-26.0
34,0,-1.6,-1.8,4.5,-7.1,-7.3,-2.5,-7.2,8.7,8.0,0.6,-9.3,4.7,-1.3,-0.5,-10.1,25.4,22.5,-2.7,-24.9
35,0,-3.2,-2.0,3.5,-8.1,-11.0,-2.1,-8.9,8.4,7.7,0.3,-9.9,6.5,-2.7,-0.1,-8.6,24.3,22.7,-4.2,-25.4
36,0,0.5,1.5,8.9,-3.7,-7.0,-0.0,-7.1,10.0,9.2,0.4,-11.7,0.5,1.1,1.1,-5.9,23.9,27.3,-2.6,-25.3
37,0,3.9,3.9,15.3,-0.5,-0.4,-0.9,-5.1,9.5,9.0,-2.8,-13.8,-9.9,4.0,-0.4,-5.9,19.4,32.1,-2.6,-26.7
38,0,6.0,5.2,18.8,0.5,4.0,-1.3,-4.5,8.5,5.9,-5.9,-16.0,-15.0,3.1,-1.3,-10.2,16.2,35.2,-3.9,-28.5
39,0,8.3,6.7,20.5,2.2,5.9,1.4,-3.0,10.2,5.0,-3.2,-16.0,-13.8,2.5,1.3,-12.3,19.8,37.6,-2.7,-26.3
40,0,8.4,6.6,20.4,3.3,4.9,2.8,-1.2,12.5,6.4,0.3,-15.2,-13.3,3.1,3.7,-10.5,22.5,38.4,-0.8,-22.8
41,0,6.2,5.4,17.5,2.3,1.6,0.9,-2.1,11.6,4.8,-1.6,-15.2,-13.1,1.2,2.0,-11.4,17.1,37.4,-2.1,-23.1
42,0,4.1,4.3,13.0,0.4,-1.5,-1.8,-4.7,8.9,1.5,-5.8,-14.2,-11.0,-2.4,-2.5,-15.1,10.6,35.0,-5.4,-25.6
43,0,2.2,1.9,8.8,-2.4,-4.6,-4.0,-6.7,6.2,0.8,-7.8,-13.3,-11.9,-4.4,-5.6,-16.3,10.0,31.6,-8.3,-26.8
44,0,-1.5,-2.5,5.7,-6.4,-9.2,-7.0,-8.1,2.9,0.9,-9.3,-16.1,-14.9,-5.3,-7.1,-16.8,10.7,26.8,-10.9,-27.7
45,0,-4.8,-6.4,5.3,-8.3,-12.2,-10.1,-8.9,0.2,0.1,-10.6,-19.4,-12.4,-5.6,-8.3,-19.0,10.0,23.1,-12.8,-28.2
46,0,-2.9,-6.6,9.0,-5.7,-8.1,-10.2,-7.3,2.0,1.4,-8.2,-16.4,-5.3,-2.7,-6.7,-20.4,12.5,23.6,-11.4,-25.3
47,0,1.8,-4.2,12.7,-2.2,0.0,-8.1,-4.8,6.3,3.9,-5.0,-10.1,-2.7,1.7,-3.6,-19.3,14.9,26.8,-8.5,-21.5
48,0,1.7,-3.8,10.2,-3.1,0.5,-8.0,-5.6,6.7,2.6,-7.4,-10.5,-8.1,1.3,-4.6,-18.0,10.8,26.9,-9.3,-22.2
49,0,-2.7,-6.4,4.0,-5.7,-7.2,-9.7,-8.4,4.4,-1.2,-11.8,-16.8,-14.5,-3.2,-8.2,-17.1,6.1,24.0,-12.1,-25.6
50,0,-3.1,-6.8,2.9,-3.9,-10.4,-8.1,-7.1,6.2,-1.0,-10.9,-18.1,-14.6,-3.7,-7.2,-14.9,8.5,24.5,-10.2,-25.1
51,0,0.7,-3.7,7.1,0.6,-5.6,-3.8,-2.4,10.6,3.2,-6.7,-11.5,-9.9,0.3,-3.3,-11.4,13.7,29.5,-4.4,-20.7
52,0,0.7,-4.0,7.4,0.6,-2.3,-3.3,-2.6,9.6,4.1,-7.5,-7.4,-7.0,0.3,-4.9,-10.2,12.6,31.4,-3.4,-19.7
53,0,-2.8,-8.8,2.6,-4.0,-3.5,-7.1,-8.5,4.0,-0.7,-12.8,-12.0,-8.9,-4.0,-11.5,-12.4,6.4,27.8,-8.4,-23.9
54,0,-3.3,-11.0,0.0,-6.4,-4.7,-8.8,-12.3,2.6,-4.7,-14.5,-17.1,-10.8,-4.5,-13.0,-13.8,4.0,25.2,-10.5,-26.2
55,0,-1.2,-7.9,1.0,-4.6,-5.5,-6.3,-10.9,6.8,-4.0,-10.6,-15.1,-8.9,-1.1,-7.4,-12.3,8.1,26.6,-6.6,-23.5
56,0,0.4,-5.1,2.1,-1.6,-5.4,-4.1,-9.3,10.8,-2.8,-7.5,-10.4,-7.6,0.8,-2.0,-11.3,11.5,28.0,-2.7,-20.7
57,0,0.8,-6.0,2.5,-0.7,-2.1,-4.1,-10.5,11.7,-4.7,-8.0,-8.8,-8.4,0.1,-1.3,-12.6,10.6,27.1,-2.6,-21.0
58,0,-1.0,-8.6,2.2,-2.0,-0.7,-4.7,-13.0,11.2,-6.3,-8.1,-10.0,-6.5,-2.5,-3.4,-11.5,9.7,25.9,-4.9,-21.3
59,0,-4.2,-10.7,0.5,-3.0,-5.0,-4.5,-14.9,11.1,-5.0,-6.5,-11.4,-3.6,-6.0,-4.9,-7.6,11.9,26.0,-7.0,-20.3
60,0,-4.6,-11.4,0.1,-1.8,-7.8,-4.2,-15.0,12.3,-3.7,-4.8,-10.9,-7.4,-6.7,-4.6,-6.4,15.6,27.5,-6.6,-19.1
61,0,-0.6,-9.4,4.2,-0.0,-2.4,-3.9,-12.7,14.7,-3.4,-4.3,-8.3,-16.1,-3.3,-2.9,-7.7,17.2,30.3,-3.3,-17.9
62,0,3.7,-5.7,9.2,1.1,5.4,-2.3,-9.9,16.2,-2.5,-6.2,-7.2,-20.8,0.6,-1.4,-7.5,13.6,33.1,-0.5,-16.9
63,0,4.6,-3.6,9.6,2.0,8.6,0.1,-9.8,15.4,-1.9,-9.9,-11.7,-19.7,2.8,-1.9,-6.6,8.1,33.5,-1.3,-17.4
64,0,3.5,-5.5,5.8,1.8,7.4,0.8,-11.7,14.0,-2.1,-12.0,-18.0,-16.1,4.7,-3.9,-5.9,6.3,30.9,-4.4,-18.3
65,0,4.1,-7.8,2.5,0.4,5.0,-1.1,-11.5,14.9,0.3,-10.1,-15.7,-8.9,7.3,-3.8,-3.3,10.1,28.1,-5.8,-16.5
66,0,7.0,-6.8,2.5,0.3,3.4,-2.4,-9.1,17.6,4.1,-5.7,-5.2,-1.6,9.0,-0.3,-0.7,16.4,27.9,-5.3,-12.4
67,0,8.5,-5.6,4.8,0.7,3.9,-2.4,-9.1,18.5,2.1,-4.2,-2.4,-3.7,7.4,2.4,-2.7,19.0,28.5,-6.4,-11.4
68,0,6.7,-7.0,7.3,-0.2,4.4,-3.4,-12.1,17.4,-4.7,-7.0,-12.2,-11.7,4.1,1.7,-7.1,15.9,27.5,-10.1,-14.5
69,0,3.9,-8.1,8.5,-0.9,2.6,-4.0,-14.1,17.5,-7.4,-8.1,-18.9,-11.8,1.9,1.9,-8.9,14.1,27.1,-13.0,-15.9
70,0,2.8,-7.9,7.2,0.1,-0.6,-2.4,-14.0,19.0,-4.3,-4.8,-15.0,-4.6,0.8,4.5,-7.6,17.6,29.0,-13.8,-13.8
71,0,3.5,-8.0,5.0,1.2,-2.4,-1.2,-13.1,18.7,-0.3,-2.3,-8.4,-2.3,0.5,4.5,-5.0,20.1,30.9,-13.9,-12.4
72,0,4.6,-7.1,5.0,2.0,-1.7,-1.1,-10.9,17.5,2.5,-2.9,-4.3,-5.5,2.8,1.3,-2.5,17.2,31.7,-13.1,-12.7
73,0,5.6,-3.9,7.9,4.1,1.1,0.1,-7.9,18.6,3.8,-3.2,-3.2,-5.7,6.1,1.2,-2.2,14.5,33.2,-11.1,-12.9
74,0,7.3,-2.1,10.6,7.0,5.0,2.0,-6.4,21.0,2.4,-2.4,-5.1,-3.7,8.1,5.0,-4.7,15.5,35.4,-9.6,-12.5
75,0,8.7,-4.1,11.3,8.5,7.5,1.5,-6.7,21.5,0.3,-2.9,-6.0,-4.3,9.1,6.7,-7.3,15.9,36.0,-9.9,-12.6
76,0,7.5,-6.9,10.9,7.3,6.0,-0.9,-7.8,19.7,-0.1,-5.1,-4.1,-4.3,8.0,5.1,-8.4,13.2,34.5,-11.5,-13.3
77,0,3.9,-8.2,9.4,4.1,0.8,-2.8,-9.8,17.0,-0.7,-7.0,-4.0,0.6,4.0,3.1,-9.4,11.0,32.4,-14.2,-14.4
78,0,1.1,-9.7,6.5,0.7,-3.2,-3.6,-13.3,13.4,-4.6,-9.8,-9.5,2.6,0.1,0.4,-11.1,9.2,30.0,-18.8,-17.7
79,0,1.9,-10.7,3.8,-1.1,-2.2,-3.4,-16.4,10.3,-9.4,-13.8,-17.3,-6.3,0.8,-2.3,-11.9,5.8,27.8,-23.4,-23.3
80,0,6.0,-8.4,4.0,-0.4,2.1,-1.9,-16.1,10.3,-10.2,-15.0,-20.2,-18.6,4.9,-1.2,-10.1,4.8,27.1,-24.3,-26.1
81,0,9.8,-4.6,5.9,2.1,5.9,-0.1,-13.2,12.1,-7.4,-11.8,-16.9,-23.3,7.7,1.9,-7.4,8.5,28.2,-22.5,-23.3
82,0,10.3,-2.9,6.6,3.7,7.3,-0.4,-10.6,12.3,-4.9,-8.6,-12.8,-19.3,7.4,1.5,-6.6,11.6,29.8,-21.3,-19.0
83,0,10.0,-2.9,6.0,3.9,7.6,-2.1,-8.4,11.3,-3.6,-8.0,-10.3,-8.9,6.6,-1.3,-7.3,10.7,30.6,-20.4,-15.9
84,0,11.5,-3.1,5.4,2.9,6.8,-2.7,-7.3,10.2,-2.9,-8.6,-9.3,-0.1,5.9,-1.9,-8.7,7.9,29.8,-20.1,-14.6
85,0,12.8,-4.0,3.5,1.1,3.6,-2.4,-9.1,8.0,-3.3,-9.7,-9.9,-0.4,3.8,-1.3,-10.0,5.0,27.3,-21.6,-16.0
86,0,12.3,-4.7,1.5,0.8,0.1,-2.0,-10.7,7.2,-3.6,-8.9,-9.3,-2.2,2.5,-0.6,-9.6,3.8,25.9,-21.8,-17.1
87,0,11.9,-3.4,2.2,3.3,0.2,-1.2,-8.9,10.4,-2.6,-4.4,-6.4,4.3,3.8,2.2,-8.1,6.7,26.5,-18.0,-14.1
88,0,11.2,-3.5,2.7,3.8,2.0,-2.6,-7.2,12.8,-2.6,-0.8,-5.5,11.3,4.6,4.7,-8.6,9.6,25.5,-15.7,-10.8
89,0,8.6,-8.0,-1.1,-1.3,0.4,-7.8,-10.2,8.6,-6.6,-5.3,-10.1,3.3,2.1,1.0,-10.9,4.1,20.8,-20.5,-14.7
90,0,5.3,-12.9,-6.3,-7.5,-4.6,-12.1,-15.1,1.1,-12.0,-15.9,-18.9,-19.8,-1.9,-8.1,-11.8,-8.2,15.6,-27.2,-24.3
91,0,4.5,-13.2,-6.9,-8.6,-7.7,-10.6,-16.5,-1.4,-14.1,-21.2,-27.2,-36.3,-3.5,-12.6,-11.7,-13.5,14.6,-27.7,-29.8
92,0,6.3,-10.0,-3.7,-5.2,-6.4,-5.7,-14.5,2.3,-13.0,-16.8,-30.7,-31.4,-4.0,-7.4,-13.5,-7.5,18.0,-22.9,-28.0
93,0,9.5,-7.4,-2.3,-1.1,-3.3,-2.0,-11.9,6.8,-12.3,-10.4,-27.7,-14.9,-4.8,0.0,-15.5,-1.2,22.0,-18.2,-23.7
94,0,13.4,-5.9,-3.0,2.7,-1.4,0.2,-8.5,9.6,-10.8,-6.3,-19.4,0.4,-3.9,3.4,-14.2,0.9,25.4,-13.9,-19.6
95,0,16.4,-5.1,-3.0,4.6,0.1,0.8,-4.7,10.4,-7.0,-4.5,-11.2,6.2,-1.3,2.8,-11.3,1.6,27.6,-9.3,-16.6
96,0,16.1,-7.0,-3.7,1.7,1.3,-1.7,-3.8,6.5,-5.5,-8.7,-10.8,-5.0,-0.4,-1.9,-11.1,-2.6,26.2,-8.8,-19.0
97,0,12.7,-11.4,-7.5,-3.7,-1.0,-5.8,-6.8,0.1,-7.9,-16.4,-18.0,-21.2,-2.7,-7.6,-13.7,-9.3,21.0,-12.8,-25.4
98,0,10.4,-14.1,-10.2,-6.5,-6.0,-7.5,-8.8,-1.8,-9.3,-18.0,-22.3,-22.1,-5.5,-7.9,-16.0,-8.4,17.0,-14.3,-27.5
99,0,12.2,-12.7,-7.1,-6.0,-6.6,-5.9,-6.8,1.1,-6.9,-13.5,-19.5,-12.2,-5.0,-4.5,-15.9,-1.9,17.0,-10.9,-24.1
100,124,15.4,-10.5,-1.4,-4.8,-1.3,-4.0,-3.6,3.2,-4.1,-10.9,-15.5,-8.4,-1.3,-4.2,-14.3,0.3,18.9,-6.9,-22.2
101,0,16.9,-10.8,1.5,-3.8,4.2,-4.3,-1.9,3.1,-3.5,-11.5,-13.4,-10.8,2.3,-6.9,-12.7,-2.0,20.6,-3.8,-23.7
102,0,16.7,-12.7,1.9,-2.7,6.5,-5.7,-1.2,3.7,-4.0,-11.4,-13.0,-11.9,3.7,-7.4,-12.4,-3.6,21.8,-0.5,-25.0
103,0,15.4,-14.3,1.5,-2.7,4.5,-6.2,-1.8,4.6,-6.1,-10.6,-15.6,-14.0,2.4,-5.4,-13.6,-3.8,21.6,0.6,-26.0
104,0,13.7,-15.5,-0.4,-5.5,-1.6,-6.5,-4.5,2.8,-10.1,-12.5,-17.4,-16.6,-1.2,-5.5,-14.7,-5.6,19.0,-2.2,-28.2
105,0,14.1,-15.9,-2.2,-8.8,-5.7,-7.5,-6.7,0.1,-12.2,-15.0,-13.9,-12.7,-3.3,-7.9,-13.7,-7.8,16.6,-3.9,-28.9
106,0,16.8,-15.0,-0.2,-8.5,-2.1,-8.2,-5.4,0.4,-8.6,-13.7,-8.0,-4.7,-0.7,-9.1,-10.5,-6.0,17.6,-0.4,-25.9
107,0,17.9,-14.5,3.1,-6.4,4.0,-8.3,-3.2,1.9,-3.0,-11.1,-5.3,-1.9,3.2,-9.7,-7.9,-3.1,19.0,3.4,-22.7
108,0,14.3,-16.8,2.0,-6.5,4.3,-10.2,-4.5,1.0,-2.2,-11.9,-6.3,-4.4,2.6,-12.2,-8.1,-3.4,16.8,2.5,-23.2
109,0,8.5,-20.4,-1.3,-6.8,-1.2,-13.3,-6.8,0.5,-5.0,-12.4,-7.6,-4.8,-1.4,-13.8,-9.8,-2.8,13.9,0.9,-24.6
110,0,6.2,-20.3,0.6,-3.1,-4.5,-13.8,-5.5,4.3,-5.3,-8.9,-6.8,-3.0,-2.1,-12.0,-9.7,1.6,16.0,3.7,-23.0
111,0,9.9,-15.4,6.7,2.0,-1.1,-10.4,-1.9,8.5,-3.1,-6.8,-5.9,-6.6,1.3,-9.5,-8.0,2.2,21.5,7.5,-21.3
112,0,15.1,-10.6,9.7,4.3,3.7,-6.5,-0.6,9.0,-2.5,-9.0,-6.4,-13.3,3.5,-7.3,-7.4,-2.7,24.4,8.1,-23.0
113,0,15.8,-9.4,8.2,4.4,2.6,-4.1,-2.2,8.1,-4.0,-9.6,-7.7,-13.4,1.1,-3.6,-8.4,-4.4,22.9,6.2,-27.4
114,0,13.1,-9.8,6.2,3.0,-2.4,-3.6,-4.7,6.8,-6.1,-8.6,-9.6,-10.8,-3.3,-1.3,-8.8,-2.9,19.4,2.7,-35.7
115,0,12.5,-9.3,5.1,0.1,-3.6,-4.5,-6.6,3.6,-8.8,-10.8,-12.7,-12.7,-5.7,-3.1,-8.7,-4.5,16.5,-2.2,-49.9
116,0,14.2,-7.8,2.8,-1.1,-1.4,-5.3,-7.7,1.4,-11.8,-12.7,-16.4,-14.1,-5.8,-4.8,-9.8,-4.6,15.5,-5.5,-66.7
117,0,14.3,-6.6,-0.5,1.1,-1.9,-3.9,-7.5,3.3,-12.4,-10.0,-19.9,-12.9,-5.8,-2.3,-10.7,1.1,16.5,-5.2,-81.8
118,0,12.3,-6.2,-1.9,3.2,-4.6,-1.2,-6.1,5.6,-9.5,-7.2,-20.0,-13.4,-6.0,1.1,-9.6,4.3,17.7,-3.4,-96.0
119,0,9.9,-6.6,-1.4,2.6,-6.1,-0.1,-5.3,5.2,-7.0,-7.5,-15.8,-12.5,-6.4,2.7,-9.4,1.2,18.0,-3.6,-111.9
120,0,6.9,-7.4,-0.0,1.6,-7.3,-1.5,-5.8,4.6,-7.8,-6.4,-13.9,-6.8,-8.0,3.4,-11.7,-0.3,18.0,-5.0,-128.8
121,0,5.0,-8.1,2.2,2.2,-9.2,-3.5,-5.8,6.1,-8.1,-4.0,-17.4,-4.3,-8.8,3.3,-12.3,0.6,18.2,-5.3,-145.7
122,0,6.5,-8.3,3.7,2.2,-9.7,-4.7,-5.0,6.5,-5.9,-5.8,-19.6,-12.4,-7.3,1.7,-10.4,-2.9,17.5,-5.8,-164.3
123,0,9.0,-8.3,3.1,0.3,-7.7,-6.0,-5.4,4.5,-5.2,-10.2,-19.2,-22.6,-5.3,-0.6,-10.6,-7.5,15.9,-8.2,-184.4
124,0,8.8,-8.8,2.6,-0.9,-7.4,-7.3,-6.5,3.7,-6.6,-10.1,-19.5,-22.0,-5.4,-1.7,-13.3,-5.1,15.2,-10.2,-201.3
125,0,6.9,-9.8,2.9,-0.1,-11.4,-6.9,-7.3,6.0,-6.7,-5.4,-19.1,-16.4,-7.7,-0.6,-15.0,1.7,15.4,-9.9,-214.5
126,0,6.1,-10.9,3.9,0.4,-13.7,-5.0,-7.6,8.4,-5.4,-1.6,-15.9,-15.6,-8.6,1.5,-14.7,6.4,15.8,-9.3,-228.1
127,0,7.6,-10.8,6.9,1.1,-9.3,-3.5,-5.7,9.9,-3.3,0.9,-8.7,-11.5,-5.5,4.3,-13.6,9.3,17.5,-8.0,-241.9
128,0,9.2,-9.5,10.9,4.0,-3.7,-3.0,-1.3,12.1,-0.1,3.2,0.1,-1.1,-1.8,7.8,-11.7,11.3,20.4,-4.6,-254.5
129,0,7.7,-9.1,11.9,6.5,-2.5,-3.8,1.9,12.8,1.1,2.6,1.1,0.4,-2.0,9.0,-11.1,9.4,21.1,-2.4,-269.6
130,0,6.2,-9.2,10.5,6.4,-1.9,-4.8,2.0,10.9,-1.8,-0.5,-8.0,-7.1,-3.4,6.8,-14.6,5.8,19.9,-3.8,-287.5
131,0,8.0,-8.1,9.8,6.3,0.1,-3.2,0.5,10.4,-5.7,-0.8,-17.3,-7.8,-4.1,5.1,-19.4,6.6,19.6,-5.9,-302.5
132,0,8.2,-8.2,7.8,5.6,-3.0,-1.5,-2.7,10.8,-7.9,-0.1,-21.3,-6.4,-7.4,5.3,-20.1,8.7,17.9,-7.7,-315.2
133,0,3.9,-11.9,4.1,1.5,-10.1,-3.9,-7.2,8.2,-8.4,-3.2,-20.8,-14.6,-11.4,4.2,-16.4,5.1,13.7,-10.8,-330.0
134,0,1.1,-14.6,4.7,-2.8,-10.2,-7.7,-8.4,4.8,-6.7,-6.5,-15.3,-20.6,-9.4,2.3,-13.2,0.3,12.2,-12.7,-343.7
135,0,2.4,-12.7,9.3,-2.3,-4.2,-8.2,-6.1,5.1,-4.8,-4.9,-9.0,-14.8,-4.5,3.0,-14.2,1.2,15.6,-11.4,-352.9
136,0,3.6,-9.6,11.3,1.4,-1.8,-5.4,-4.8,8.3,-5.0,-1.8,-8.0,-9.5,-4.1,6.3,-17.1,4.4,19.3,-9.0,-360.5
137,0,4.1,-7.7,10.3,4.1,-2.8,-2.7,-5.2,10.3,-5.2,-2.1,-9.7,-12.0,-4.7,8.8,-16.9,2.9,20.7,-8.3,-369.7
138,0,6.3,-5.5,10.9,4.8,-0.1,-2.2,-4.5,9.5,-4.1,-5.8,-10.6,-18.1,-1.2,7.5,-13.8,-2.8,21.7,-8.8,-380.2
139,0,7.2,-4.1,12.6,3.3,4.0,-3.9,-3.0,7.5,-3.8,-10.1,-11.6,-25.0,2.3,3.8,-11.9,-8.1,23.5,-9.3,-390.7
140,0,4.4,-5.4,11.8,0.1,3.4,-7.0,-3.1,6.3,-3.1,-11.5,-10.4,-28.2,1.8,1.5,-12.2,-8.8,23.9,-9.7,-399.3
141,0,1.7,-6.2,9.8,-3.1,0.7,-8.6,-4.5,6.3,-1.3,-9.3,-6.6,-24.1,0.5,2.2,-12.3,-5.6,23.0,-10.4,-405.6
142,0,2.5,-3.1,10.2,-3.3,1.9,-6.7,-5.5,7.6,-1.0,-6.4,-6.3,-17.8,0.0,4.6,-10.8,-2.9,23.3,-11.1,-411.8
143,0,4.7,0.0,10.3,-1.4,4.6,-3.6,-7.0,9.0,-3.9,-6.0,-11.3,-15.3,-2.1,6.4,-8.8,-4.0,24.1,-11.9,-419.7
144,0,5.2,-1.1,6.2,-2.6,2.5,-3.1,-10.7,7.3,-8.8,-9.1,-17.9,-18.2,-6.6,5.2,-8.4,-8.3,21.5,-14.9,-429.5
145,0,4.4,-4.5,1.8,-7.6,-1.4,-5.1,-14.8,2.2,-13.4,-14.1,-24.0,-25.0,-10.6,0.2,-9.7,-11.7,16.6,-19.6,-440.1
146,0,3.9,-5.8,1.4,-10.6,-0.5,-6.4,-15.2,-2.2,-15.3,-16.5,-26.6,-30.8,-11.2,-4.3,-11.1,-11.1,14.6,-22.3,-447.6
147,0,4.3,-3.6,2.5,-7.9,4.4,-5.4,-12.7,-2.7,-13.9,-15.3,-23.0,-31.6,-8.2,-3.7,-11.3,-8.3,16.3,-21.4,-450.8
148,0,6.1,0.6,2.1,-2.0,6.9,-3.5,-11.1,-0.6,-11.2,-13.2,-16.9,-25.0,-4.5,0.4,-10.0,-6.8,18.0,-19.4,-452.3
149,0,9.0,4.7,1.4,2.2,5.0,-2.8,-11.8,1.2,-9.9,-12.2,-14.0,-16.3,-3.8,3.4,-8.9,-7.3,18.2,-18.5,-455.4
150,0,10.8,6.2,0.6,2.0,2.2,-3.6,-14.0,1.3,-10.6,-12.5,-14.1,-14.2,-6.1,3.7,-8.9,-8.3,17.8,-18.9,-460.4
151,0,10.0,5.2,-0.6,-0.9,1.1,-4.2,-16.0,0.0,-11.5,-13.3,-14.5,-16.8,-8.5,1.9,-8.6,-9.5,16.9,-19.8,-465.5
152,0,8.7,4.6,-0.8,-2.7,1.9,-3.4,-16.5,-1.7,-11.6,-13.1,-13.6,-15.6,-8.9,-0.8,-8.8,-10.7,16.2,-20.0,-468.9
153,0,9.9,6.0,0.4,-1.8,4.7,-1.7,-14.6,-2.7,-11.7,-10.5,-11.6,-9.4,-7.5,-2.0,-11.1,-9.5,17.5,-18.5,-470.1
154,0,12.2,7.7,0.2,-0.4,7.1,-1.0,-12.5,-3.1,-11.5,-7.8,-11.9,-5.7,-6.3,-0.6,-14.1,-6.6,20.0,-16.6,-470.7
155,0,12.4,8.3,-3.2,-0.6,6.4,-1.7,-13.0,-5.1,-10.9,-9.2,-14.9,-11.1,-6.9,-0.0,-14.4,-7.7,19.9,-16.7,-473.8
156,0,10.4,6.7,-6.6,-1.7,3.2,-3.2,-14.8,-8.4,-10.5,-13.4,-15.3,-20.6,-8.5,-3.2,-12.4,-12.4,16.5,-18.5,-478.7
157,0,8.2,3.8,-5.6,-2.0,1.4,-4.4,-14.5,-9.6,-9.3,-13.9,-11.1,-22.2,-9.5,-6.7,-10.0,-12.8,14.1,-18.6,-481.1
158,0,6.0,1.7,-1.6,-1.1,2.2,-4.3,-12.5,-7.6,-7.2,-10.1,-6.1,-14.1,-9.5,-6.3,-8.5,-7.9,14.3,-16.5,-480.3
159,0,2.7,1.2,-0.1,-1.1,1.2,-3.9,-13.3,-6.9,-7.3,-8.6,-3.8,-8.1,-11.1,-5.0,-10.5,-6.1,13.2,-16.2,-481.4
160,0,0.6,0.6,-3.4,-3.2,-4.3,-5.1,-17.3,-9.7,-10.9,-11.2,-5.0,-9.9,-15.5,-6.5,-16.9,-10.1,8.9,-19.4,-486.1
161,0,2.4,-0.8,-8.1,-6.0,-8.0,-8.3,-19.9,-12.8,-13.1,-12.3,-6.8,-11.2,-17.8,-9.1,-21.8,-13.2,5.2,-22.5,-489.6
162,0,5.1,-2.7,-10.7,-7.8,-5.5,-11.4,-19.7,-14.6,-11.6,-11.7,-5.8,-8.5,-14.8,-11.3,-21.5,-13.8,4.2,-23.7,-490.4
163,0,5.1,-4.8,-10.9,-9.0,-1.5,-12.6,-19.2,-16.6,-9.5,-13.3,-3.3,-7.6,-10.7,-14.3,-20.1,-15.3,4.3,-24.5,-490.9
164,0,2.5,-7.2,-9.7,-9.4,-0.7,-11.9,-18.6,-17.6,-8.5,-14.9,-3.8,-9.4,-10.3,-16.4,-20.8,-16.1,4.3,-24.5,-491.0
165,0,-1.9,-9.1,-8.3,-8.8,-2.5,-10.6,-17.4,-16.5,-7.1,-13.2,-6.5,-10.1,-13.0,-15.0,-21.6,-13.7,4.7,-22.5,-489.1
166,0,-5.2,-8.4,-6.2,-7.2,-4.6,-9.1,-16.0,-14.4,-4.7,-9.7,-5.9,-11.4,-16.0,-12.2,-20.9,-10.7,5.2,-19.8,-485.9
167,0,-4.6,-6.4,-3.7,-5.8,-6.2,-8.3,-14.9,-13.4,-3.3,-8.4,-3.1,-14.3,-17.3,-12.3,-20.7,-11.7,3.5,-18.4,-483.7
168,0,-3.8,-8.2,-3.2,-6.3,-8.4,-9.9,-15.0,-14.5,-5.3,-9.9,-4.5,-12.8,-18.3,-14.6,-21.5,-16.6,-0.4,-19.2,-483.9
169,0,-6.8,-13.7,-5.2,-8.3,-11.0,-13.0,-16.1,-16.5,-8.3,-11.2,-9.4,-7.6,-18.9,-15.1,-20.9,-20.1,-2.7,-20.6,-484.6
170,0,-10.0,-15.4,-6.8,-8.7,-11.3,-13.8,-16.6,-17.3,-9.1,-11.7,-12.4,-6.8,-17.3,-13.9,-19.6,-20.3,-1.1,-20.7,-484.0
171,0,-8.8,-11.3,-6.9,-6.8,-9.2,-11.5,-15.3,-16.6,-9.5,-11.5,-14.4,-9.1,-15.0,-13.5,-20.6,-18.9,2.0,-19.2,-481.8
172,0,-5.3,-7.4,-7.1,-4.0,-8.0,-9.2,-13.3,-14.7,-11.5,-9.9,-19.3,-9.9,-14.4,-13.4,-23.4,-16.8,4.2,-16.5,-479.4
173,0,-4.0,-6.4,-6.8,-1.6,-8.6,-8.1,-11.0,-12.5,-13.0,-8.2,-24.5,-14.0,-14.3,-12.3,-23.8,-16.5,6.4,-12.7,-477.4
174,0,-4.8,-6.6,-5.6,-0.6,-8.4,-7.4,-8.3,-11.2,-11.8,-8.9,-24.1,-22.5,-12.9,-11.9,-22.1,-20.5,8.5,-9.6,-475.6
175,0,-5.0,-7.5,-4.9,-1.0,-6.5,-6.9,-5.7,-10.7,-8.4,-10.1,-18.9,-25.9,-11.2,-14.0,-20.8,-25.3,9.9,-7.8,-472.9
176,0,-3.0,-6.9,-4.0,-0.3,-4.0,-6.2,-3.3,-8.8,-4.5,-8.2,-15.4,-19.8,-8.8,-15.1,-19.1,-25.7,11.9,-5.7,-468.4
177,0,-1.5,-4.2,-2.8,1.4,-1.5,-6.0,-1.8,-6.7,-2.4,-5.1,-17.3,-12.8,-6.1,-14.1,-16.8,-23.1,14.3,-3.8,-464.0
178,0,-3.7,-4.1,-3.8,0.8,-2.0,-6.8,-3.2,-7.0,-4.4,-4.9,-21.0,-11.4,-6.6,-14.0,-16.7,-21.5,13.9,-4.6,-462.4
179,0,-7.1,-7.3,-6.1,-0.4,-6.3,-6.6,-5.2,-7.0,-7.2,-5.0,-21.1,-10.6,-10.1,-13.6,-17.9,-20.3,12.1,-5.7,-461.1
180,0,-7.5,-9.1,-5.7,1.1,-9.5,-4.9,-3.3,-3.5,-4.9,-1.1,-16.4,-5.2,-11.4,-10.4,-14.8,-16.5,13.7,-2.8,-455.1
181,0,-7.4,-8.8,-3.3,2.2,-9.4,-5.4,0.4,-0.9,1.4,3.0,-10.9,-1.2,-9.8,-8.4,-8.5,-12.6,16.7,0.4,-447.5
182,0,-8.8,-8.3,-1.4,0.0,-7.7,-8.8,1.5,-2.9,5.0,2.8,-8.7,-1.2,-8.6,-10.4,-6.3,-11.6,17.1,-0.7,-443.4
183,0,-8.6,-7.3,0.9,-1.3,-5.1,-10.5,0.3,-4.7,3.5,1.7,-7.8,2.6,-8.1,-11.3,-10.1,-11.9,17.3,-2.5,-441.0
184,0,-7.2,-4.5,2.6,1.4,-4.0,-8.6,-0.2,-1.8,1.4,3.7,-3.9,8.6,-7.3,-7.5,-13.4,-11.0,20.4,-0.4,-436.5
185,0,-7.0,-0.4,1.3,4.9,-6.0,-5.8,0.7,3.0,3.2,6.4,1.0,4.8,-6.8,-2.4,-11.6,-8.9,24.8,3.6,-431.2
186,0,-6.2,3.0,-1.0,6.1,-7.3,-4.2,2.0,4.9,6.6,6.6,0.8,-7.3,-6.6,-0.7,-9.0,-7.2,26.7,5.6,-428.1
187,0,-5.3,2.9,-2.7,5.1,-6.8,-4.6,2.3,3.2,6.9,4.3,-3.3,-13.3,-6.3,-3.4,-9.4,-9.2,25.5,5.0,-427.3
188,0,-6.9,0.1,-3.6,4.4,-7.4,-6.3,3.0,1.2,6.8,2.0,-2.2,-7.8,-4.8,-7.2,-8.4,-13.3,24.3,4.0,-425.1
189,0,-7.3,-0.3,-1.5,5.7,-5.9,-6.5,7.0,2.9,10.7,3.8,6.0,1.5,-1.3,-7.2,-3.5,-12.0,26.1,5.2,-418.5
190,0,-4.0,2.5,3.0,7.9,-0.5,-4.0,11.4,6.6,13.9,7.9,9.8,6.7,0.7,-3.6,-1.1,-5.9,28.5,6.8,-411.4
191,0,-2.2,4.0,3.9,8.5,1.6,-1.6,10.7,7.2,10.4,6.9,2.9,3.5,-1.6,-1.1,-3.8,-5.5,27.9,4.9,-409.6
192,0,-4.4,3.3,0.3,7.9,-2.8,-1.5,6.3,4.0,6.1,0.4,-5.0,-5.8,-5.6,-1.8,-5.1,-12.4,26.2,1.0,-411.1
193,0,-6.5,2.8,-2.4,7.0,-7.8,-3.0,3.9,0.9,7.2,-4.3,-3.7,-11.0,-7.7,-4.6,-2.5,-17.6,26.1,-1.4,-409.4
194,0,-6.5,2.0,-1.5,5.6,-8.6,-4.2,4.2,-0.6,9.4,-4.8,-0.0,-8.1,-7.3,-7.8,-1.2,-18.8,26.8,-2.3,-405.0
195,0,-5.7,1.6,1.4,5.0,-6.1,-3.4,4.9,-0.3,7.7,-4.0,-3.4,-3.6,-5.8,-8.0,-3.1,-19.7,27.4,-2.9,-401.3
196,0,-5.0,3.1,5.9,5.8,-2.8,-1.3,5.3,1.4,4.6,-1.7,-8.4,0.2,-5.1,-4.6,-5.3,-19.0,28.1,-2.6,-397.5
197,0,-4.9,4.1,10.6,5.6,-0.7,-0.7,4.9,2.4,2.6,1.4,-9.0,2.8,-6.0,-3.0,-7.0,-15.8,27.4,-2.6,-393.5
198,0,-5.1,3.3,13.4,4.3,0.1,-1.3,3.4,2.1,0.3,1.5,-7.9,1.1,-7.0,-4.6,-9.2,-14.6,25.4,-4.0,-391.2
199,0,-4.6,3.7,14.6,5.6,0.3,-0.8,3.4,3.0,-0.0,-0.3,-7.1,-3.8,-5.3,-4.1,-8.6,-16.5,25.0,-4.7,-388.8
200,0,-4.6,4.8,14.3,8.8,-0.3,0.3,5.0,5.0,2.5,-0.1,-8.0,-8.4,-2.5,-0.6,-4.7,-16.2,26.4,-4.5,-384.7
201,0,-6.2,2.2,11.0,9.5,-2.7,0.8,4.2,4.9,2.6,0.7,-12.2,-11.3,-2.7,0.9,-4.0,-14.0,26.2,-6.6,-381.5
202,0,-8.1,-2.2,6.9,8.2,-6.2,0.9,1.8,3.2,-0.0,0.4,-13.6,-10.4,-4.6,0.2,-7.3,-14.7,25.2,-9.6,-378.3
203,0,-8.4,-2.8,6.2,8.0,-7.9,1.1,2.1,2.9,0.5,0.9,-7.3,-5.0,-4.7,-0.2,-8.2,-16.8,26.3,-9.7,-371.4
204,0,-6.8,-0.9,8.4,7.6,-6.5,-0.5,3.9,2.7,2.8,2.5,-1.4,0.7,-5.1,-1.1,-6.4,-16.6,27.9,-8.8,-364.0
205,0,-5.5,-1.2,9.4,4.7,-5.0,-4.0,3.3,0.2,1.5,2.2,-3.2,1.2,-7.6,-3.1,-7.0,-15.4,27.1,-10.9,-361.2
206,0,-5.6,-2.4,8.7,1.3,-5.6,-5.5,1.0,-2.7,-2.5,-0.7,-7.6,-3.6,-9.7,-3.4,-9.8,-16.9,25.7,-14.3,-361.9
207,0,-6.0,-2.0,8.2,0.7,-7.6,-4.3,-0.2,-3.8,-4.5,-4.5,-9.5,-9.9,-9.1,-3.4,-10.3,-21.9,24.9,-15.7,-361.5
208,0,-6.0,-2.5,7.8,1.5,-8.6,-4.6,0.8,-3.7,-2.4,-6.7,-9.0,-14.3,-6.5,-6.3,-7.3,-25.5,23.7,-15.5,-357.7
209,0,-7.3,-5.6,6.5,1.3,-7.9,-7.1,2.8,-3.2,1.5,-5.9,-7.3,-15.6,-4.2,-8.7,-5.1,-22.9,21.5,-15.1,-351.6
210,0,-10.5,-8.2,3.7,0.6,-7.7,-8.2,3.5,-2.4,3.0,-3.3,-6.9,-15.4,-3.9,-7.3,-6.0,-17.7,18.6,-14.5,-345.9
211,0,-12.6,-8.9,0.0,0.9,-8.5,-7.4,2.9,-1.2,2.5,-1.7,-6.3,-12.3,-4.5,-5.4,-6.3,-15.8,15.8,-13.4,-341.6
212,0,-11.1,-8.7,-2.7,1.9,-8.6,-7.3,4.1,0.1,4.5,-1.1,0.6,-3.0,-3.2,-5.7,-3.6,-16.6,15.3,-10.7,-336.3
213,0,-7.7,-7.8,-2.1,2.5,-7.4,-7.7,7.7,1.2,8.7,0.2,9.4,6.4,-1.0,-5.7,-1.5,-16.8,18.0,-6.5,-329.3
214,0,-4.6,-4.9,1.5,3.5,-5.7,-5.9,11.0,2.3,10.3,2.1,8.8,8.2,0.2,-3.9,-2.2,-15.9,21.8,-2.2,-323.3
215,0,-2.9,-1.4,4.3,5.8,-4.1,-1.8,12.2,3.9,8.5,3.8,1.4,5.9,-0.6,-1.1,-3.7,-14.0,23.9,1.2,-319.2
216,0,-3.3,-0.3,4.0,8.1,-4.8,1.5,11.2,5.4,6.7,6.2,-1.0,4.6,-3.4,1.9,-4.7,-9.4,23.8,4.0,-315.2
217,0,-3.8,-1.4,2.2,8.9,-7.3,2.4,9.0,6.1,5.7,8.9,1.1,3.2,-6.3,3.9,-6.6,-4.9,22.0,5.7,-310.8
218,0,-3.2,-1.1,1.2,7.8,-8.3,2.1,7.3,5.3,4.1,8.9,-1.0,1.6,-6.6,3.7,-9.9,-6.1,19.6,5.8,-307.1
219,0,-3.7,0.2,1.4,5.4,-8.1,1.5,6.3,3.5,3.2,6.4,-5.7,3.0,-5.9,1.2,-13.6,-11.3,17.5,5.6,-303.8
220,0,-6.8,-1.5,0.5,2.5,-10.6,-0.9,4.8,1.1,3.7,3.8,-7.6,2.9,-7.2,-3.0,-16.6,-14.2,15.4,5.7,-300.6
221,0,-10.1,-5.7,-1.5,0.1,-14.3,-4.4,2.9,-1.6,3.2,0.7,-7.6,-6.3,-9.7,-6.7,-18.5,-15.3,12.3,5.7,-298.8
222,0,-10.9,-6.9,-0.8,-0.0,-13.6,-5.3,2.7,-3.2,1.4,-2.5,-5.2,-16.1,-9.8,-7.5,-18.5,-17.6,9.8,6.9,-296.9
223,0,-9.5,-4.4,3.9,2.2,-8.9,-3.7,4.8,-2.4,2.2,-2.6,0.7,-14.3,-7.6,-6.2,-15.6,-18.8,9.4,10.1,-291.7
224,0,-7.5,-3.1,7.6,3.4,-7.0,-3.1,6.7,-1.4,4.9,-0.3,4.4,-8.6,-5.9,-4.9,-12.5,-18.2,9.5,12.8,-284.9
225,0,-6.9,-4.9,6.4,2.1,-9.8,-3.0,5.8,-2.2,3.5,0.6,-1.0,-8.5,-6.7,-3.9,-13.2,-18.8,7.8,12.7,-280.8
226,0,-8.3,-7.1,1.8,0.4,-13.2,-2.4,2.4,-3.7,-1.6,0.1,-10.8,-7.3,-9.1,-3.0,-15.5,-20.0,5.6,11.8,-278.7
227,0,-9.8,-8.5,-1.6,-0.1,-14.2,-3.5,-0.3,-4.0,-3.3,0.8,-13.8,-2.4,-10.1,-2.7,-13.4,-18.7,4.8,12.0,-275.1
228,0,-8.3,-8.4,0.4,-0.4,-12.8,-5.6,-0.4,-3.6,-1.3,1.8,-11.1,-2.5,-8.2,-2.7,-7.9,-16.7,5.4,13.1,-271.1
229,0,-5.1,-5.9,5.5,-0.9,-9.6,-5.1,0.2,-3.7,-1.2,0.5,-11.1,-6.9,-6.0,-2.6,-4.8,-18.7,6.1,13.6,-268.8
230,0,-4.0,-3.6,7.5,-1.7,-7.4,-3.4,-0.9,-4.9,-2.6,-2.6,-11.5,-7.2,-6.4,-3.5,-3.8,-24.0,6.0,13.0,-267.2
231,0,-5.5,-5.3,4.8,-3.2,-8.7,-4.9,-3.3,-7.2,-2.7,-5.0,-8.5,-5.3,-8.9,-6.7,-3.0,-27.1,4.9,11.4,-264.3
232,0,-7.0,-9.3,1.9,-4.5,-11.3,-7.6,-4.7,-9.2,-2.3,-4.7,-5.2,-6.0,-10.5,-8.8,-3.0,-25.9,4.5,10.4,-259.6
233,0,-8.6,-10.5,0.9,-4.3,-12.1,-7.0,-4.7,-9.2,-2.3,-2.2,-3.2,-8.4,-10.5,-6.3,-3.2,-23.4,5.4,10.5,-253.5
234,0,-10.1,-8.7,1.5,-2.9,-11.3,-4.3,-5.2,-7.8,-2.3,0.2,-3.5,-12.2,-10.8,-2.8,-2.5,-22.3,5.8,10.2,-248.8
235,0,-9.0,-7.7,3.3,-0.9,-10.2,-2.3,-6.4,-6.8,-3.2,0.4,-7.6,-15.4,-11.5,-2.4,-2.4,-22.3,5.3,9.4,-246.6
236,0,-5.7,-8.0,4.5,0.5,-9.8,-1.2,-7.6,-6.7,-5.4,-1.4,-11.8,-11.5,-11.4,-3.2,-4.1,-22.7,4.8,8.6,-245.4
237,0,-4.5,-7.6,3.2,-0.2,-10.2,-1.8,-9.2,-7.5,-8.1,-2.6,-13.6,-1.0,-10.7,-3.1,-6.5,-22.7,3.2,7.1,-243.2
238,0,-6.5,-7.6,0.8,-2.7,-10.2,-4.1,-10.6,-8.9,-9.3,-2.8,-13.9,5.9,-10.1,-3.9,-7.7,-22.0,0.9,4.4,-240.1
239,0,-8.7,-9.3,-0.9,-4.5,-10.2,-6.0,-10.7,-10.2,-8.5,-4.1,-9.7,3.3,-9.5,-6.2,-7.5,-22.1,-0.8,1.9,-236.3
240,0,-7.6,-10.4,-1.9,-4.5,-10.7,-6.0,-9.6,-9.5,-7.5,-5.1,-2.3,-1.5,-8.6,-7.4,-6.9,-22.0,-1.5,0.9,-231.8
241,120,-3.1,-9.6,-1.8,-3.0,-9.1,-4.3,-8.2,-7.1,-7.9,-4.1,-2.3,-3.4,-7.6,-6.4,-7.1,-20.5,-1.3,0.6,-227.9
242,0,0.9,-9.2,-0.1,-1.6,-5.0,-2.6,-7.4,-5.8,-9.3,-4.3,-9.4,-7.0,-6.7,-5.6,-7.7,-20.4,-0.2,-0.8,-226.6
243,0,0.6,-11.1,0.8,-1.7,-3.4,-3.0,-8.2,-7.4,-9.8,-6.9,-11.6,-11.2,-6.5,-6.0,-7.3,-22.7,0.2,-3.7,-225.9
244,0,-4.2,-13.9,-1.2,-3.3,-7.4,-4.7,-10.3,-9.7,-8.7,-7.5,-7.6,-10.6,-8.0,-5.9,-6.0,-23.2,-1.2,-7.6,-222.2
245,0,-10.3,-15.5,-3.1,-5.0,-12.8,-6.0,-12.2,-11.1,-6.9,-5.7,-2.9,-8.8,-10.5,-4.8,-4.9,-21.5,-3.0,-11.8,-216.7
246,0,-12.6,-15.6,-0.7,-5.2,-13.8,-7.1,-11.7,-11.6,-4.8,-5.3,0.3,-9.9,-10.9,-5.0,-4.6,-19.8,-2.6,-13.7,-211.4
247,0,-10.1,-14.9,3.0,-4.0,-11.7,-8.4,-9.4,-10.7,-3.6,-5.9,-1.5,-9.9,-7.6,-7.1,-5.5,-17.4,-0.4,-12.4,-206.8
248,0,-6.8,-14.6,3.5,-3.4,-9.3,-9.2,-8.5,-9.2,-5.1,-6.0,-9.0,-7.6,-4.7,-9.1,-9.3,-15.1,0.6,-11.1,-203.5
249,0,-4.6,-14.7,3.1,-3.1,-6.3,-8.4,-9.5,-8.0,-8.0,-6.3,-13.9,-5.8,-4.4,-9.1,-14.5,-15.5,0.2,-11.9,-201.3
250,0,-2.6,-14.7,4.6,-1.6,-3.9,-7.0,-9.2,-6.7,-8.1,-6.1,-9.8,-3.6,-4.2,-7.1,-16.3,-16.4,0.5,-12.4,-197.5
251,0,-2.4,-15.7,5.4,0.3,-6.0,-6.9,-7.9,-6.2,-6.2,-6.1,-1.4,-2.8,-4.4,-6.1,-14.8,-17.5,0.9,-12.4,-192.7
252,0,-4.5,-16.7,5.3,1.4,-10.5,-7.1,-8.2,-8.1,-6.5,-8.6,2.2,-7.6,-6.8,-7.8,-14.3,-21.4,1.0,-14.0,-190.6
253,0,-4.9,-14.7,8.0,2.7,-10.3,-5.3,-8.4,-9.9,-7.6,-11.9,-2.8,-14.4,-6.7,-9.6,-13.8,-24.8,3.5,-15.1,-190.0
254,0,-2.5,-11.0,13.0,3.9,-4.2,-3.2,-6.6,-9.0,-7.0,-12.1,-10.9,-16.8,-2.4,-9.8,-11.7,-23.0,7.4,-13.4,-187.5
255,0,0.6,-8.8,15.0,3.9,1.3,-2.7,-4.7,-6.2,-5.7,-9.6,-13.7,-12.7,0.9,-7.8,-10.0,-17.7,8.7,-11.1,-182.6
256,0,2.4,-8.0,13.5,2.9,3.2,-2.3,-3.9,-3.3,-4.0,-5.3,-9.8,-5.9,1.6,-3.3,-8.7,-11.8,7.4,-10.1,-176.4
257,0,1.8,-7.9,11.2,1.8,3.1,-1.2,-3.9,-1.7,-2.8,-1.5,-6.3,-4.7,1.7,1.0,-7.8,-7.2,5.9,-10.0,-171.5
258,0,-0.0,-8.3,9.5,0.2,1.5,-0.6,-5.4,-2.2,-3.2,-0.8,-5.7,-6.4,1.1,0.7,-8.2,-6.1,4.6,-10.4,-169.2
259,0,-1.3,-8.9,7.8,-2.1,-2.1,-2.4,-7.3,-3.4,-3.2,-2.0,-4.3,-1.1,-0.6,-3.0,-8.0,-8.5,3.3,-10.8,-167.2
260,0,-2.6,-9.5,6.5,-3.8,-5.2,-5.4,-7.8,-2.9,-1.1,-1.8,-1.6,5.3,-1.2,-5.4,-6.0,-10.8,3.2,-10.5,-164.2
261,0,-2.4,-8.8,8.3,-1.8,-4.6,-5.7,-5.7,0.2,2.3,0.1,1.6,4.8,1.3,-4.2,-4.2,-10.8,5.4,-7.9,-160.5
262,0,-0.0,-7.7,11.8,2.5,-1.9,-4.0,-2.4,2.8,4.3,0.6,3.6,0.0,4.6,-2.8,-4.1,-11.5,7.9,-5.2,-158.4
263,0,-0.2,-8.2,11.6,3.0,-2.5,-3.9,-0.9,1.4,2.5,-2.4,0.7,-6.6,4.1,-4.5,-6.0,-14.9,7.1,-6.3,-160.1
264,0,-2.5,-6.8,8.8,0.4,-5.0,-2.7,-0.9,-0.3,-1.2,-3.9,-3.8,-9.7,0.4,-3.7,-9.3,-16.0,5.8,-8.7,-162.3
265,0,-0.9,-1.7,8.9,-0.2,-3.5,1.1,0.1,1.3,-2.4,-1.0,-3.1,-6.2,-1.2,1.7,-11.2,-11.9,8.0,-8.5,-160.5
266,0,3.2,1.1,9.8,-0.2,-0.0,1.7,0.9,2.2,-0.8,0.1,0.2,-4.4,0.4,3.3,-9.4,-10.0,10.2,-8.8,-157.6
267,0,4.3,0.0,8.3,-1.3,-0.2,-1.4,0.5,0.9,1.5,-1.9,1.1,-6.4,2.4,0.8,-6.3,-12.7,10.1,-10.9,-155.2
268,0,2.3,-0.1,7.1,-1.4,-3.2,-2.5,0.4,1.1,3.2,-1.5,0.8,-6.3,3.1,2.0,-5.2,-13.4,10.2,-11.5,-151.6
269,0,-0.3,0.9,7.5,-0.3,-5.3,-1.4,0.7,2.6,4.7,0.7,2.0,-5.6,2.6,5.7,-4.6,-12.3,10.7,-10.8,-148.2
270,0,-2.9,0.4,7.5,0.6,-6.3,-1.1,-0.1,3.5,6.0,1.5,4.0,-5.8,1.4,7.2,-3.2,-12.8,11.3,-11.4,-146.9
271,0,-5.4,-0.5,6.2,1.5,-7.2,-0.7,-2.0,4.5,5.3,1.9,4.0,-3.6,-0.7,7.5,-3.3,-12.9,12.9,-12.9,-146.0
272,0,-4.9,0.5,6.3,3.2,-5.7,1.4,-1.7,7.2,4.5,4.6,3.5,2.6,-1.2,8.8,-4.0,-8.0,15.7,-12.5,-142.8
273,0,-0.9,2.0,9.8,5.6,-1.0,3.2,3.1,10.4,6.9,8.9,6.5,7.9,2.4,10.2,-2.7,-1.2,18.3,-10.1,-137.0
274,0,1.2,1.2,11.3,5.3,-0.2,1.7,6.0,9.8,7.0,8.4,5.7,2.4,4.6,8.8,-3.3,-2.5,17.8,-10.9,-135.0
275,0,-1.8,-1.8,7.4,1.4,-6.1,-1.5,3.0,5.2,1.6,2.5,-3.0,-10.5,1.0,5.4,-7.7,-12.1,14.3,-16.9,-138.4
276,0,-4.3,-2.9,4.3,-1.1,-8.5,-1.7,0.7,3.4,-1.2,-0.0,-5.0,-13.0,-0.9,4.4,-9.7,-17.1,13.4,-21.7,-138.6
277,0,-2.4,-0.2,6.4,1.0,-2.9,0.9,3.4,6.4,2.3,3.3,3.2,-4.9,2.9,6.2,-7.6,-14.3,16.7,-21.8,-132.8
278,0,-0.8,3.2,8.1,3.5,0.3,1.8,5.5,8.9,4.7,5.4,4.1,-3.6,4.5,7.8,-6.9,-11.3,19.5,-21.7,-128.7
279,0,-3.5,3.4,5.2,3.2,-4.0,0.4,3.9,9.3,3.0,5.8,-4.5,-9.1,0.8,9.5,-10.1,-8.3,19.1,-23.6,-127.9
280,0,-7.0,1.3,1.3,2.3,-9.0,0.0,1.4,9.8,0.1,8.6,-10.2,-6.7,-2.6,12.7,-14.5,-2.3,18.3,-25.4,-126.3
281,0,-8.7,-0.2,-1.5,2.1,-11.7,-0.0,-1.5,9.3,-2.7,10.1,-11.3,3.4,-4.3,14.8,-18.7,0.2,18.4,-27.5,-124.6
282,0,-9.3,-1.7,-3.8,0.9,-13.8,-1.8,-3.9,6.7,-3.9,7.4,-7.8,8.4,-5.9,12.8,-20.5,-4.4,18.0,-30.8,-123.5
283,0,-8.7,-4.1,-4.0,-0.7,-12.0,-3.8,-2.8,4.8,-1.3,4.6,1.8,4.5,-4.7,9.6,-18.1,-8.2,17.3,-33.4,-120.4
284,0,-6.7,-5.7,-1.6,-0.7,-7.2,-4.4,0.5,4.9,1.7,3.6,6.5,-3.7,-1.2,8.7,-14.9,-8.0,16.9,-34.3,-116.9
285,0,-6.3,-6.0,1.0,-0.3,-5.5,-4.4,1.2,4.4,0.4,2.5,-1.8,-11.5,-0.1,8.5,-15.8,-7.9,16.0,-36.1,-116.3
286,0,-9.0,-6.6,0.7,-2.2,-7.8,-5.6,-1.1,1.8,-3.5,0.9,-12.4,-14.9,-2.2,7.0,-18.2,-9.5,13.8,-39.9,-117.4
287,0,-12.2,-8.9,-2.6,-5.6,-8.9,-8.2,-3.0,-1.7,-5.1,-1.0,-14.4,-12.5,-3.4,4.7,-17.5,-10.9,10.8,-43.7,-117.8
288,0,-12.1,-10.1,-5.7,-6.7,-6.8,-9.4,-2.5,-3.2,-3.0,-1.8,-10.0,-8.2,-1.9,4.6,-14.9,-10.0,9.2,-45.3,-116.3
289,0,-9.2,-8.8,-6.5,-4.7,-4.6,-7.3,-0.9,-2.5,-0.9,-1.0,-5.6,-7.6,-0.4,6.9,-14.9,-9.1,10.1,-44.9,-113.6
290,0,-7.8,-8.2,-6.4,-2.9,-5.0,-5.1,-0.7,-2.6,-2.4,-1.1,-3.7,-12.5,-1.8,7.4,-17.4,-11.1,11.2,-45.0,-111.8
291,0,-8.0,-8.6,-5.0,-1.8,-6.4,-4.7,-0.1,-2.4,-4.1,-0.6,-3.8,-14.6,-3.2,5.6,-17.9,-11.6,11.8,-44.8,-109.6
292,0,-5.8,-7.5,-1.1,0.2,-5.9,-4.5,2.5,0.1,-2.5,3.4,-5.9,-8.8,-0.9,5.1,-16.2,-7.2,12.9,-42.4,-104.6
293,0,-1.8,-6.4,2.8,2.0,-3.8,-5.1,4.5,1.9,-0.2,6.4,-8.6,-5.1,2.5,4.8,-15.3,-4.9,13.2,-39.9,-99.6
294,0,-0.3,-7.7,3.9,1.5,-2.0,-7.4,4.7,0.4,1.6,5.2,-7.4,-7.7,3.9,2.4,-13.9,-7.6,11.3,-39.2,-96.7
295,0,-2.2,-10.2,2.7,-0.9,-1.8,-10.8,4.9,-2.2,4.2,4.4,-0.9,-4.4,4.0,-0.6,-10.9,-8.3,8.3,-38.7,-92.9
296,0,-4.1,-10.3,1.6,-2.8,-3.8,-13.8,6.3,-3.3,7.7,6.5,8.1,6.5,4.5,-2.6,-8.3,-4.4,6.5,-36.8,-86.8
297,0,-3.8,-8.6,2.6,-2.3,-5.1,-15.5,9.3,-2.9,11.3,7.8,16.3,9.0,7.2,-3.8,-6.2,-2.4,7.3,-33.8,-80.9
298,0,-2.8,-8.5,5.3,-0.6,-3.3,-16.4,12.4,-2.9,13.5,5.8,17.5,-1.3,11.4,-4.1,-4.2,-5.7,9.3,-31.5,-78.5
299,0,-2.0,-9.2,7.0,1.6,-0.6,-15.6,13.1,-3.2,12.8,3.5,10.8,-9.3,13.0,-1.8,-4.1,-8.1,10.8,-30.4,-78.4
300,0,-0.7,-7.1,6.5,4.3,-0.8,-11.6,11.1,-2.4,10.5,4.7,4.8,-6.1,10.6,2.3,-7.6,-3.2,12.0,-29.5,-77.6
301,0,-2.4,-5.5,1.5,4.1,-5.7,-8.8,6.2,-3.3,6.3,5.1,1.6,-4.0,4.7,3.3,-17.2,2.1,10.0,-30.8,-78.3
302,0,-11.6,-10.8,-9.3,-2.0,-15.9,-13.2,-2.7,-10.0,-2.8,-1.6,-7.7,-13.2,-5.1,-2.3,-37.6,-1.0,1.2,-37.6,-85.0
303,0,-23.5,-20.2,-21.5,-9.5,-28.3,-21.7,-13.4,-19.1,-15.7,-11.8,-24.6,-24.8,-17.6,-10.6,-67.0,-8.3,-10.0,-46.5,-94.1
304,0,-30.2,-26.5,-29.1,-13.7,-36.6,-28.1,-21.8,-25.6,-26.4,-19.9,-37.9,-32.3,-27.5,-16.9,-94.5,-15.4,-17.3,-52.1,-99.7
305,0,-32.6,-30.4,-33.8,-17.5,-40.8,-33.7,-27.8,-31.8,-33.3,-28.4,-42.2,-42.9,-32.8,-23.5,-112.3,-26.6,-22.2,-56.2,-103.4
306,0,-36.1,-35.6,-40.1,-24.1,-46.1,-40.0,-33.5,-39.2,-38.3,-37.8,-44.2,-54.1,-37.0,-31.1,-121.9,-37.3,-28.0,-61.1,-107.3
307,0,-39.4,-40.7,-46.5,-30.9,-51.0,-44.6,-37.1,-44.1,-40.3,-41.9,-47.2,-55.8,-40.1,-35.4,-126.7,-37.3,-32.4,-63.8,-107.8
308,0,-40.2,-43.8,-50.1,-35.3,-50.6,-48.2,-37.5,-45.7,-39.3,-41.2,-48.2,-54.4,-39.1,-35.9,-130.0,-31.4,-34.2,-63.5,-104.9
309,0,-41.6,-46.1,-53.7,-38.1,-49.0,-51.8,-38.1,-47.9,-39.2,-41.5,-48.0,-57.2,-37.6,-36.1,-134.4,-29.1,-35.7,-63.8,-103.2
310,0,-45.7,-47.4,-57.5,-39.4,-51.8,-53.5,-40.6,-50.6,-41.7,-43.4,-48.1,-55.0,-40.5,-36.4,-138.7,-28.8,-38.2,-65.7,-102.7
311,0,-48.8,-47.1,-57.9,-39.4,-55.9,-52.2,-43.7,-51.8,-44.0,-44.9,-46.9,-45.6,-45.5,-35.9,-140.8,-27.8,-40.8,-67.5,-101.1
312,0,-48.9,-45.7,-56.0,-39.4,-56.7,-49.9,-45.7,-51.8,-45.4,-46.5,-44.4,-42.4,-47.1,-35.8,-141.9,-28.7,-43.4,-68.7,-98.7
313,0,-48.3,-45.5,-55.0,-40.7,-55.1,-49.4,-46.4,-52.4,-45.9,-48.8,-42.9,-48.2,-45.3,-37.2,-142.7,-32.3,-45.8,-69.5,-97.1
314,0,-49.3,-48.1,-55.6,-44.0,-52.9,-52.7,-46.7,-54.6,-46.0,-52.6,-45.0,-54.3,-43.4,-41.0,-143.8,-36.4,-48.3,-71.0,-96.5
315,0,-50.0,-51.2,-55.8,-47.5,-50.7,-57.8,-47.2,-57.4,-46.6,-55.9,-50.1,-57.4,-42.5,-45.7,-146.2,-37.1,-50.0,-72.8,-96.1
316,0,-49.0,-51.5,-55.2,-48.7,-50.4,-60.5,-47.6,-58.1,-47.6,-55.3,-54.1,-57.3,-42.1,-47.6,-149.1,-32.8,-49.5,-73.3,-94.7
317,0,-48.7,-50.3,-55.6,-48.8,-54.9,-60.5,-49.0,-57.6,-49.1,-52.3,-56.0,-53.8,-45.1,-46.2,-151.6,-27.2,-49.1,-74.0,-92.8
318,0,-49.8,-49.8,-57.4,-49.3,-60.1,-59.7,-51.4,-57.7,-51.4,-50.0,-55.7,-47.0,-50.6,-43.8,-154.1,-24.1,-50.6,-76.3,-90.4
319,0,-49.5,-49.1,-58.6,-48.4,-59.3,-58.3,-50.8,-57.0,-51.0,-47.7,-51.0,-40.0,-51.1,-41.5,-154.1,-22.0,-50.7,-77.0,-85.3
320,0,-48.9,-48.4,-59.8,-46.6,-56.4,-56.7,-47.6,-55.3,-46.8,-46.2,-42.8,-40.3,-46.8,-40.6,-150.1,-21.4,-48.7,-75.9,-79.7
321,0,-52.5,-49.9,-63.8,-46.9,-58.8,-56.4,-48.4,-56.7,-45.0,-49.7,-39.2,-51.3,-46.3,-42.2,-147.1,-26.3,-49.6,-78.2,-78.6
322,0,-58.0,-53.0,-68.8,-49.5,-63.7,-57.5,-53.5,-60.2,-47.7,-55.8,-43.4,-63.1,-50.4,-44.0,-147.8,-33.2,-54.5,-84.2,-81.0
323,0,-58.6,-52.9,-69.8,-50.3,-63.9,-57.7,-56.1,-60.7,-49.8,-56.4,-48.6,-63.6,-52.6,-42.4,-149.1,-33.2,-57.4,-86.8,-80.2
324,0,-54.5,-48.8,-65.2,-47.5,-59.9,-55.8,-53.9,-57.7,-48.7,-51.0,-48.2,-53.4,-51.5,-38.8,-149.0,-27.1,-54.3,-84.5,-74.8
325,0,-50.6,-45.4,-58.8,-43.8,-55.1,-52.7,-50.6,-54.8,-46.9,-46.4,-45.3,-43.2,-49.5,-36.6,-148.9,-22.0,-48.5,-82.2,-68.7
326,0,-49.0,-45.0,-55.4,-41.8,-50.9,-50.2,-49.1,-53.7,-47.0,-46.1,-46.2,-43.3,-47.4,-36.4,-149.4,-20.7,-44.5,-81.7,-65.3
327,0,-49.9,-46.3,-57.6,-41.7,-49.9,-50.5,-50.6,-54.2,-48.4,-48.4,-49.5,-52.5,-47.0,-37.9,-149.4,-21.5,-43.6,-82.5,-64.3
328,0,-52.7,-47.2,-62.4,-42.1,-53.1,-52.1,-54.0,-54.7,-48.5,-50.1,-46.8,-57.0,-48.6,-39.4,-148.2,-21.9,-45.6,-84.7,-62.8
329,0,-55.0,-46.7,-64.4,-41.2,-55.5,-51.3,-55.8,-53.6,-46.8,-49.6,-39.5,-52.5,-49.2,-39.1,-146.5,-21.5,-47.7,-86.5,-58.7
330,0,-55.1,-45.6,-62.6,-38.9,-52.9,-49.1,-54.5,-52.3,-46.3,-48.2,-38.8,-47.8,-47.6,-37.5,-145.9,-20.8,-47.5,-86.1,-54.4
331,0,-54.6,-45.3,-60.4,-37.7,-48.4,-48.2,-52.6,-52.7,-47.5,-47.7,-46.5,-46.8,-46.2,-37.0,-145.5,-20.4,-45.7,-84.9,-52.4
332,0,-55.6,-46.5,-59.5,-38.7,-47.0,-48.2,-52.5,-54.2,-48.2,-48.4,-52.4,-46.1,-46.7,-38.6,-144.2,-21.0,-45.1,-85.1,-50.9
333,0,-57.5,-48.1,-57.9,-39.2,-47.6,-47.5,-52.8,-54.2,-47.4,-48.4,-50.9,-44.3,-47.5,-40.2,-142.7,-21.1,-44.9,-85.0,-47.7
334,0,-57.7,-47.6,-53.9,-36.4,-46.1,-45.9,-51.0,-51.6,-45.5,-46.3,-44.3,-43.9,-46.6,-38.6,-140.9,-18.3,-42.5,-82.4,-42.8
335,0,-56.1,-45.7,-49.9,-32.8,-42.6,-44.7,-48.7,-48.3,-43.2,-44.0,-37.7,-45.9,-44.6,-36.1,-139.0,-15.1,-39.1,-78.8,-37.8
336,0,-54.4,-45.9,-48.5,-32.2,-40.1,-44.5,-48.1,-47.3,-42.7,-44.1,-37.5,-46.7,-44.1,-36.5,-139.0,-15.4,-37.5,-77.2,-34.2
337,0,-53.6,-48.4,-49.0,-33.4,-38.9,-45.0,-48.6,-49.0,-44.3,-46.5,-43.1,-45.7,-45.2,-38.8,-141.3,-18.7,-37.3,-76.9,-32.8
338,0,-53.9,-50.0,-49.3,-33.8,-38.1,-45.6,-49.4,-51.8,-45.2,-49.6,-47.2,-45.5,-47.1,-40.3,-142.9,-22.5,-37.4,-76.8,-32.9
339,0,-56.5,-50.4,-50.4,-33.6,-40.0,-45.9,-51.9,-54.0,-44.3,-52.0,-47.7,-46.3,-50.0,-43.0,-143.0,-23.4,-39.0,-77.9,-33.2
340,0,-60.8,-50.1,-52.7,-33.4,-44.8,-45.4,-54.8,-53.9,-42.4,-51.8,-47.0,-47.0,-52.9,-46.3,-141.8,-19.7,-41.3,-78.7,-32.2
341,0,-62.2,-48.3,-53.3,-32.4,-46.9,-43.8,-54.2,-51.6,-39.9,-49.4,-45.0,-48.8,-52.3,-45.6,-139.0,-14.8,-40.6,-76.4,-29.3
342,0,-57.8,-45.4,-51.5,-32.3,-42.2,-43.5,-51.0,-50.5,-38.9,-48.7,-43.0,-53.0,-48.5,-43.6,-136.8,-14.6,-38.0,-72.9,-26.6
343,0,-52.0,-44.5,-49.9,-34.8,-36.2,-46.5,-50.0,-52.9,-41.1,-51.3,-42.1,-54.0,-46.4,-46.8,-136.7,-18.9,-37.6,-71.9,-25.2
344,0,-52.1,-46.8,-49.5,-37.4,-36.0,-49.7,-51.3,-55.4,-43.9,-52.8,-40.1,-46.8,-47.8,-51.4,-136.4,-21.8,-39.7,-72.0,-23.1
345,0,-55.3,-49.1,-48.9,-36.9,-38.0,-49.1,-51.5,-54.6,-43.6,-50.6,-35.6,-38.2,-48.4,-50.4,-133.1,-20.8,-41.1,-69.6,-19.1
346,0,-52.6,-47.8,-46.7,-34.0,-34.5,-45.4,-49.5,-51.4,-40.4,-47.4,-31.4,-36.0,-45.3,-46.5,-127.5,-18.6,-40.2,-65.0,-14.4
347,0,-44.4,-44.0,-43.2,-31.8,-28.1,-41.7,-48.2,-48.7,-38.3,-46.2,-32.9,-37.1,-41.6,-45.1,-122.2,-17.5,-38.6,-61.4,-11.4
348,0,-38.0,-40.9,-39.6,-31.1,-25.6,-38.6,-48.6,-48.1,-40.0,-47.0,-40.6,-38.5,-41.1,-44.9,-118.8,-17.6,-38.7,-61.0,-11.7
349,0,-35.1,-39.7,-36.0,-30.9,-25.9,-36.6,-48.5,-49.3,-42.8,-48.2,-46.3,-42.3,-42.5,-44.0,-116.9,-19.4,-39.8,-61.6,-12.8
350,0,-34.0,-40.6,-32.8,-30.7,-25.1,-37.1,-46.3,-51.1,-43.0,-48.5,-43.9,-44.8,-42.8,-44.9,-116.6,-21.6,-40.1,-60.3,-11.1
351,0,-34.5,-42.2,-30.8,-30.1,-24.8,-39.3,-43.5,-51.8,-40.3,-47.2,-37.7,-40.8,-42.1,-47.1,-117.3,-21.9,-39.9,-57.7,-6.7
352,0,-35.3,-42.3,-30.3,-29.4,-26.1,-41.4,-42.3,-51.8,-37.0,-46.8,-33.9,-39.8,-41.6,-48.4,-118.7,-21.7,-39.8,-56.3,-3.2
353,0,-35.3,-43.2,-31.8,-30.8,-26.1,-44.1,-43.5,-53.0,-36.6,-49.8,-35.7,-48.8,-42.1,-50.6,-123.1,-25.1,-41.3,-57.7,-3.4
354,0,-38.2,-48.3,-35.8,-36.1,-26.1,-48.6,-47.9,-56.1,-41.1,-54.3,-41.9,-53.4,-45.1,-55.3,-129.1,-30.0,-45.9,-61.3,-5.6
355,0,-44.3,-54.4,-40.1,-41.3,-29.8,-51.3,-52.4,-57.9,-45.6,-55.8,-44.7,-45.5,-49.1,-58.2,-130.4,-30.9,-50.7,-63.7,-5.5
356,0,-46.5,-55.5,-40.1,-41.1,-32.2,-49.3,-52.4,-56.2,-44.3,-53.8,-39.5,-40.5,-49.2,-55.8,-125.3,-27.8,-50.8,-61.8,-1.9
357,0,-41.4,-52.4,-35.8,-37.5,-27.5,-45.9,-48.4,-53.8,-39.4,-51.7,-30.8,-45.8,-44.5,-52.8,-118.4,-25.4,-47.2,-58.2,2.6
358,0,-36.3,-49.6,-32.4,-36.4,-22.0,-45.3,-45.7,-54.3,-36.8,-51.4,-26.5,-48.7,-40.7,-53.5,-113.3,-25.3,-46.0,-57.4,5.3
359,0,-36.7,-48.6,-32.4,-36.9,-22.9,-45.9,-46.1,-55.9,-37.6,-51.7,-30.9,-44.6,-41.0,-54.8,-109.9,-24.7,-47.8,-58.9,5.8
360,0,-37.5,-47.4,-32.2,-33.9,-24.2,-44.1,-45.8,-54.3,-38.4,-49.4,-36.8,-41.5,-41.6,-52.6,-105.8,-21.9,-46.6,-57.5,7.1
361,0,-34.1,-44.6,-30.7,-28.1,-19.6,-41.3,-42.4,-49.4,-37.0,-44.6,-34.4,-39.7,-39.1,-48.6,-100.0,-18.1,-40.5,-52.6,11.8
362,0,-29.6,-42.4,-31.2,-25.1,-15.3,-41.3,-39.7,-45.8,-35.8,-41.1,-28.9,-35.4,-37.0,-46.8,-95.9,-15.1,-35.3,-49.2,17.4
363,0,-27.8,-42.3,-35.0,-26.1,-17.5,-43.0,-40.4,-45.4,-36.6,-40.7,-29.9,-32.5,-38.2,-47.1,-95.8,-13.7,-34.5,-49.4,20.1
364,0,-27.9,-42.3,-37.3,-27.2,-20.5,-42.0,-41.5,-45.3,-37.5,-41.1,-33.5,-34.3,-39.5,-47.3,-96.1,-13.8,-34.5,-50.4,20.7
365,0,-28.2,-40.2,-34.3,-26.0,-18.2,-38.2,-40.3,-43.7,-37.6,-40.7,-35.6,-37.6,-37.5,-46.6,-94.3,-14.9,-32.0,-49.9,22.1
366,0,-27.6,-36.8,-28.0,-22.9,-14.2,-35.3,-37.9,-41.1,-37.4,-39.5,-37.1,-38.0,-34.8,-45.0,-91.5,-15.4,-28.0,-47.8,25.1
367,0,-25.7,-33.0,-23.2,-18.4,-12.1,-33.9,-35.0,-37.4,-34.5,-35.8,-34.6,-34.5,-33.4,-42.5,-87.7,-11.6,-23.6,-44.0,30.6
368,0,-23.4,-30.7,-21.9,-15.1,-10.6,-33.3,-31.5,-34.0,-29.1,-30.0,-27.3,-30.7,-31.6,-40.7,-82.5,-4.9,-20.5,-40.2,37.6
369,0,-22.9,-31.9,-23.6,-15.5,-9.8,-33.6,-30.3,-35.1,-26.7,-29.3,-24.5,-28.4,-29.6,-41.7,-79.4,-4.9,-21.8,-40.5,40.3
370,0,-24.1,-33.7,-25.9,-17.2,-12.1,-33.6,-33.3,-39.2,-29.7,-35.1,-30.1,-26.9,-30.5,-42.7,-79.7,-12.2,-25.8,-44.7,37.5
371,0,-25.5,-32.9,-27.2,-17.5,-16.7,-32.2,-37.3,-40.7,-32.9,-39.4,-36.1,-28.9,-33.9,-41.3,-79.5,-15.9,-28.4,-48.1,34.9
372,0,-26.2,-32.2,-28.2,-18.1,-19.8,-32.3,-38.3,-39.9,-32.6,-39.5,-35.0,-34.3,-36.1,-40.2,-76.4,-14.3,-29.2,-48.7,35.6
373,0,-25.2,-32.5,-27.7,-19.1,-18.6,-34.3,-36.1,-39.7,-30.2,-39.1,-28.4,-36.2,-34.5,-41.6,-72.5,-14.7,-28.4,-46.8,38.1
374,0,-22.8,-31.1,-25.6,-18.9,-16.0,-35.5,-34.1,-40.2,-29.0,-39.7,-25.4,-34.9,-31.3,-43.5,-70.2,-17.2,-25.7,-44.7,39.7
375,0,-22.0,-28.3,-24.1,-18.0,-15.5,-34.1,-34.3,-40.3,-30.4,-40.0,-29.6,-35.7,-29.9,-43.6,-69.0,-17.1,-23.3,-44.6,39.5
376,0,-21.3,-25.2,-22.4,-15.7,-14.2,-29.8,-33.6,-38.1,-31.1,-37.4,-31.2,-33.2,-30.3,-40.0,-67.5,-13.2,-21.1,-44.2,41.5
377,0,-18.4,-22.0,-19.3,-12.2,-11.4,-24.9,-31.1,-35.0,-29.5,-32.8,-25.5,-24.7,-30.5,-35.2,-65.5,-8.8,-18.7,-42.1,46.9
378,0,-16.8,-20.7,-18.2,-11.3,-11.7,-23.7,-30.1,-34.4,-27.6,-30.4,-20.7,-21.5,-30.8,-34.3,-63.2,-6.6,-18.6,-40.4,50.6
379,0,-18.4,-21.7,-19.7,-13.1,-14.4,-25.1,-29.9,-35.1,-25.4,-30.0,-20.6,-25.8,-30.6,-36.1,-60.1,-4.8,-20.5,-39.2,51.8
380,0,-19.3,-22.8,-20.3,-13.8,-14.3,-25.9,-27.6,-34.3,-21.9,-28.9,-20.2,-27.0,-27.9,-36.0,-56.8,-3.7,-21.2,-36.8,54.0
381,0,-17.5,-22.9,-19.2,-13.7,-10.9,-26.5,-24.9,-33.4,-20.7,-28.4,-19.3,-24.9,-23.4,-34.4,-55.3,-4.7,-20.5,-34.6,57.0
382,0,-16.3,-22.0,-19.8,-14.4,-9.8,-27.2,-25.4,-33.3,-23.6,-28.8,-21.2,-26.1,-22.2,-33.1,-55.3,-4.8,-20.2,-33.9,58.9
383,0,-17.3,-21.8,-23.0,-14.6,-13.1,-26.5,-28.4,-32.6,-26.5,-28.0,-22.4,-28.6,-26.2,-31.6,-54.6,-2.5,-20.2,-33.3,59.9
384,0,-17.1,-22.3,-25.0,-12.3,-15.0,-25.2,-29.6,-31.0,-25.9,-26.2,-19.7,-27.7,-29.4,-30.6,-52.8,-1.3,-19.2,-30.9,61.4
385,0,-13.7,-20.9,-22.4,-8.7,-12.0,-23.3,-27.0,-28.9,-23.4,-23.8,-17.3,-22.8,-27.3,-29.3,-51.2,0.0,-16.8,-26.7,64.1
386,0,-11.4,-18.4,-18.6,-7.5,-10.5,-20.5,-25.1,-27.2,-21.6,-21.3,-16.7,-17.5,-24.9,-26.5,-50.4,3.4,-15.9,-23.7,67.5
387,0,-13.7,-19.5,-18.7,-10.7,-14.4,-20.1,-27.7,-28.9,-21.1,-22.2,-13.5,-17.1,-26.4,-26.3,-49.9,2.9,-19.8,-24.9,68.9
388,0,-18.0,-23.7,-21.0,-15.4,-18.3,-22.8,-31.9,-33.8,-21.7,-27.1,-10.9,-21.5,-28.1,-31.2,-49.3,-3.1,-25.6,-28.6,66.9
389,0,-20.7,-26.1,-21.7,-17.2,-19.6,-23.8,-33.8,-36.9,-24.2,-30.7,-18.0,-25.2,-28.7,-34.5,-49.6,-5.3,-28.7,-31.1,63.9
390,0,-21.6,-25.9,-21.7,-16.0,-20.7,-21.2,-33.3,-36.3,-27.5,-29.6,-30.0,-24.4,-30.1,-32.4,-50.2,-0.0,-29.3,-31.6,62.9
391,0,-21.8,-26.3,-22.3,-14.2,-20.5,-19.0,-31.1,-34.4,-27.0,-25.5,-31.6,-17.2,-29.8,-29.5,-48.5,7.3,-28.5,-30.1,65.7
392,0,-22.6,-27.0,-23.1,-13.2,-18.2,-18.5,-28.6,-32.6,-23.0,-22.0,-23.0,-7.5,-26.8,-28.5,-44.4,11.8,-26.8,-27.6,70.5
393,0,-23.8,-25.7,-23.7,-13.4,-17.5,-17.6,-28.7,-31.5,-20.8,-22.1,-17.1,-8.4,-24.7,-27.4,-40.4,11.8,-25.3,-26.6,72.8
394,0,-21.9,-22.8,-23.1,-13.6,-18.2,-16.5,-30.7,-31.0,-21.4,-25.9,-17.7,-25.0,-24.3,-26.2,-36.3,8.3,-24.2,-26.8,71.7
395,0,-15.8,-20.6,-19.0,-11.8,-14.9,-15.8,-29.7,-30.1,-20.7,-29.6,-18.4,-38.3,-22.2,-25.7,-30.8,4.5,-21.6,-25.1,71.9
396,0,-9.1,-18.4,-11.4,-7.7,-6.8,-14.4,-24.1,-27.7,-18.0,-28.9,-16.6,-30.9,-17.2,-24.6,-25.0,4.3,-17.4,-20.6,75.9
397,0,-5.9,-16.1,-6.4,-4.3,-2.0,-12.5,-19.6,-25.0,-17.7,-24.8,-15.5,-15.9,-14.1,-22.3,-21.5,8.9,-14.7,-17.1,80.0
398,0,-7.0,-15.9,-9.1,-4.6,-5.1,-12.4,-20.7,-25.2,-20.3,-22.8,-15.3,-11.9,-16.5,-21.2,-21.5,13.3,-16.4,-17.5,80.1
399,0,-8.7,-16.1,-13.9,-6.3,-8.6,-13.5,-23.1,-26.9,-20.9,-24.0,-13.1,-16.9,-19.6,-22.0,-22.1,14.1,-19.3,-18.7,78.2
400,0,-6.7,-12.4,-12.9,-5.0,-5.9,-12.9,-21.5,-26.5,-18.0,-24.2,-11.8,-22.5,-18.1,-21.2,-21.4,14.8,-18.5,-17.2,78.1
401,0,-2.4,-7.2,-10.0,-1.8,-2.7,-10.3,-18.9,-24.4,-15.5,-22.3,-14.9,-25.0,-14.8,-18.3,-20.1,16.7,-15.7,-14.9,79.4
402,0,0.4,-4.8,-10.9,0.3,-2.9,-7.9,-18.6,-23.3,-14.5,-21.3,-16.9,-22.4,-13.7,-16.3,-18.5,17.7,-14.5,-14.0,80.6
403,0,2.0,-4.2,-11.3,2.6,-0.9,-5.8,-18.2,-21.6,-13.6,-19.8,-13.4,-13.7,-12.9,-15.4,-17.2,19.4,-13.2,-12.1,82.8
404,0,3.9,-2.5,-7.6,6.4,2.6,-4.1,-16.4,-18.0,-13.4,-16.2,-8.1,-5.4,-11.6,-13.0,-16.9,23.1,-9.7,-8.2,86.1
405,0,5.2,-0.8,-3.5,8.7,2.3,-3.7,-14.8,-15.5,-12.4,-14.0,-2.3,-6.8,-10.1,-10.5,-15.1,23.9,-5.9,-4.3,89.3
406,0,5.0,-0.7,-2.2,8.1,0.9,-5.2,-13.3,-16.2,-8.2,-15.4,4.5,-14.9,-7.5,-10.2,-11.0,19.7,-4.5,-2.2,91.8
407,0,4.0,-1.7,-2.5,6.9,2.3,-6.6,-12.2,-17.4,-5.5,-16.5,3.9,-17.0,-6.1,-10.3,-10.1,17.8,-5.4,-2.1,92.8
408,0,2.9,-2.1,-3.3,6.8,2.6,-5.4,-13.7,-17.2,-9.1,-15.2,-9.2,-12.1,-9.2,-9.0,-15.0,21.5,-7.5,-4.0,91.6
409,0,1.6,-2.3,-5.9,5.4,-0.8,-3.8,-18.0,-18.3,-15.8,-16.4,-21.1,-12.1,-13.7,-9.2,-20.5,21.5,-10.8,-7.6,89.2
410,0,-1.1,-4.8,-9.9,1.4,-4.4,-6.0,-20.9,-21.5,-19.0,-20.3,-20.6,-17.9,-15.8,-11.8,-21.9,15.7,-14.4,-10.9,88.3
411,0,-5.4,-9.4,-12.6,-2.9,-6.7,-10.8,-19.6,-23.5,-17.4,-21.2,-15.4,-17.5,-16.1,-14.3,-19.9,13.9,-16.7,-11.5,90.3
412,0,-7.2,-9.9,-12.8,-4.1,-7.5,-11.6,-16.0,-22.7,-14.0,-18.6,-12.8,-9.6,-15.2,-14.7,-16.9,17.0,-17.1,-9.6,93.1
413,0,-2.4,-3.8,-10.6,-1.7,-4.4,-5.9,-14.0,-20.7,-11.6,-17.0,-9.3,-3.8,-12.8,-12.6,-14.9,17.7,-15.1,-7.4,94.7
414,0,4.1,1.0,-7.2,1.3,1.4,-0.3,-14.6,-18.6,-11.0,-17.2,-5.9,-4.6,-11.2,-10.7,-15.6,16.4,-12.0,-6.3,95.1
415,0,4.3,-0.7,-5.5,2.5,2.7,0.3,-16.9,-17.8,-12.3,-17.8,-7.6,-10.0,-12.3,-11.4,-17.5,16.4,-10.3,-6.1,94.5
416,0,0.6,-3.1,-7.0,3.0,-4.0,0.1,-18.9,-18.0,-13.2,-17.2,-9.2,-13.2,-14.6,-11.0,-17.8,17.7,-10.1,-6.6,94.4
417,0,-0.7,-1.8,-9.6,3.2,-11.2,1.0,-19.5,-19.3,-13.1,-16.8,-7.0,-13.5,-15.7,-8.9,-17.3,18.2,-10.1,-8.0,95.1
418,0,0.5,-0.8,-11.6,1.3,-11.3,-1.2,-19.8,-22.7,-16.4,-19.7,-10.7,-20.0,-16.4,-10.7,-19.2,16.2,-12.0,-11.2,92.5
419,0,0.5,-2.8,-13.6,-2.3,-7.3,-5.3,-21.0,-27.6,-22.7,-25.1,-22.2,-29.7,-17.9,-15.5,-21.5,12.3,-15.7,-15.2,86.4
420,0,0.1,-4.3,-15.5,-4.1,-6.0,-6.4,-22.4,-30.0,-25.4,-28.6,-26.6,-27.9,-18.3,-17.0,-20.5,8.1,-17.1,-17.4,83.2
421,0,2.0,-3.0,-14.8,-2.7,-6.1,-5.1,-21.9,-27.9,-22.7,-27.5,-20.0,-17.3,-16.2,-14.4,-17.8,6.6,-14.7,-16.4,86.1
422,0,3.3,-1.2,-11.6,-0.0,-5.1,-4.5,-19.7,-23.8,-19.0,-23.6,-13.9,-12.9,-13.9,-11.8,-16.6,9.7,-11.8,-13.2,91.0
423,0,2.0,-1.5,-9.7,1.2,-5.4,-4.8,-18.8,-21.3,-16.4,-20.6,-11.3,-12.7,-13.4,-10.9,-15.5,12.7,-12.2,-10.2,93.4
424,0,1.1,-3.6,-10.2,0.4,-7.2,-5.9,-20.0,-21.3,-15.0,-20.1,-7.8,-11.9,-13.7,-12.0,-13.1,11.7,-15.4,-9.6,93.0
425,0,0.8,-7.2,-12.3,-1.6,-7.6,-8.8,-21.6,-22.9,-15.3,-21.4,-4.7,-16.7,-13.8,-14.8,-10.9,9.5,-18.9,-11.2,91.6
426,0,-1.4,-10.2,-15.1,-2.7,-6.3,-11.6,-21.2,-23.8,-15.4,-21.5,-3.1,-19.7,-13.7,-16.5,-9.5,10.9,-20.2,-11.9,91.6
427,0,-2.4,-8.9,-16.2,-1.3,-3.9,-11.1,-18.1,-21.6,-12.7,-17.4,-1.0,-7.3,-11.9,-13.8,-7.8,16.5,-17.5,-8.9,95.2
428,0,1.9,-3.8,-13.6,1.3,-0.4,-7.8,-14.2,-18.4,-9.3,-12.7,0.3,5.9,-8.1,-8.8,-6.8,20.4,-12.4,-4.0,99.5
429,0,6.3,-0.4,-9.6,2.4,2.3,-5.2,-12.2,-18.3,-8.1,-12.9,-2.3,-0.0,-4.9,-7.7,-7.3,17.9,-9.0,-1.0,99.9
430,0,5.9,-1.8,-7.3,1.1,2.9,-4.8,-12.2,-20.9,-7.8,-16.6,-6.5,-12.8,-3.8,-11.7,-7.3,12.5,-8.8,-1.1,97.2
431,0,5.1,-3.0,-5.1,0.0,3.2,-4.7,-12.2,-22.1,-6.4,-17.8,-5.4,-12.5,-3.6,-14.1,-6.5,10.5,-9.2,-1.7,96.8
432,0,7.0,-0.4,-1.6,1.2,3.5,-3.3,-11.3,-20.1,-4.5,-15.1,2.6,-5.0,-3.2,-12.1,-6.7,12.6,-8.4,-0.3,100.5
433,0,6.2,0.6,0.2,2.0,1.7,-3.0,-11.7,-18.6,-4.7,-13.0,7.0,-4.3,-4.5,-11.2,-8.6,14.2,-8.4,1.2,103.1
434,0,1.0,-3.7,-1.8,0.0,-1.5,-5.5,-15.0,-19.3,-8.8,-13.8,-1.0,-6.6,-8.2,-13.6,-10.8,14.4,-10.8,0.2,100.9
435,0,-1.5,-7.0,-3.1,-1.9,-2.2,-6.8,-18.6,-19.5,-13.5,-13.8,-11.1,-2.9,-10.7,-14.5,-12.1,15.1,-12.4,-1.1,97.8
436,0,1.9,-4.6,-0.5,-0.6,-0.3,-4.4,-19.1,-18.5,-14.0,-12.7,-11.4,-2.7,-9.4,-13.2,-11.4,14.6,-11.4,-0.7,97.5
437,0,5.9,-0.9,2.2,1.6,1.6,-1.8,-17.5,-18.0,-11.8,-13.9,-8.1,-13.6,-6.6,-12.3,-9.8,11.7,-10.0,-0.0,97.3
438,0,7.2,-0.1,1.7,3.0,3.3,-1.6,-14.8,-17.2,-8.8,-14.3,-5.2,-18.9,-4.4,-10.6,-8.0,11.8,-9.2,1.0,98.0
439,0,7.2,-0.8,1.2,4.9,4.5,-2.9,-10.5,-14.6,-4.2,-9.7,2.2,-9.2,-1.9,-7.7,-5.6,17.6,-7.4,4.4,102.7
440,0,6.3,-1.2,1.9,7.6,3.2,-4.7,-6.4,-11.9,-0.9,-4.6,6.7,-2.3,-0.4,-6.9,-4.7,23.4,-5.0,7.7,107.3
441,0,5.8,-1.3,1.9,9.7,2.3,-5.5,-4.5,-11.2,-2.9,-4.4,0.2,-5.7,-0.5,-8.9,-6.4,24.8,-3.3,8.2,107.1
442,0,8.1,-0.4,2.8,10.9,5.7,-4.0,-3.4,-10.7,-6.0,-5.5,-6.6,-5.6,0.2,-9.0,-7.7,24.8,-1.7,8.5,106.6
443,0,11.2,1.6,4.4,11.2,7.9,-1.3,-2.0,-9.0,-5.0,-4.1,-4.2,-0.2,1.3,-5.2,-6.6,25.6,-0.5,10.1,109.6
444,0,10.3,2.7,3.1,9.3,3.0,-0.1,-2.2,-8.4,-2.7,-3.6,0.2,-3.3,-0.0,-2.0,-5.2,23.9,-1.1,10.3,112.0
445,0,6.8,2.8,1.0,6.3,-1.4,-0.6,-2.5,-8.7,-1.4,-4.4,0.9,-10.0,-1.6,-1.6,-4.0,22.5,-2.3,9.2,112.5
446,0,7.1,4.6,4.0,5.9,3.5,-0.5,0.4,-6.7,1.2,-0.9,2.3,-4.9,0.9,-0.3,-1.6,29.0,-0.9,10.8,115.6
447,0,11.0,7.6,10.1,8.7,10.5,0.7,4.4,-3.7,4.2,3.9,6.2,1.6,4.9,1.4,0.7,36.8,3.2,13.9,119.2
448,0,14.1,10.0,12.7,11.9,11.0,2.2,5.3,-3.7,4.5,2.6,7.6,-6.3,6.3,0.1,1.6,35.7,6.5,14.4,118.5
449,0,15.1,11.1,12.3,13.1,8.6,2.3,4.3,-5.7,2.7,-1.7,4.7,-12.9,5.2,-2.4,1.8,29.7,7.6,13.0,115.9
450,0,15.5,11.1,11.6,12.8,7.6,0.8,4.5,-6.7,2.9,-2.6,2.9,-2.0,4.4,-3.3,2.6,26.9,7.4,12.6,116.4
451,0,16.3,11.1,10.6,12.9,7.1,-0.5,5.5,-6.8,5.2,-1.0,5.5,11.3,5.3,-2.8,3.5,27.0,7.1,13.2,118.7
452,0,17.5,11.9,9.2,13.7,6.7,-0.9,5.3,-7.8,5.1,-1.2,6.9,9.7,5.8,-2.9,3.3,26.9,6.6,13.0,118.0
453,0,18.2,12.0,9.0,14.9,8.2,-1.6,4.4,-9.6,1.8,-3.1,4.2,1.3,5.2,-4.1,1.9,25.8,6.1,11.8,114.6
454,0,17.4,10.8,9.7,15.6,9.5,-2.9,3.8,-10.1,-0.2,-4.1,4.4,-2.8,4.3,-4.9,1.3,24.1,6.2,11.5,112.7
455,0,15.5,10.0,8.7,15.7,6.3,-3.4,3.3,-9.2,1.1,-4.1,9.4,-5.4,3.1,-4.5,1.9,22.5,6.2,12.1,112.8
456,0,13.9,10.2,7.1,15.8,2.5,-1.7,2.8,-7.7,3.3,-3.1,12.1,-5.1,2.6,-3.2,1.9,23.0,6.1,13.0,113.5
457,0,13.7,10.4,7.5,16.7,4.5,1.0,3.7,-5.8,4.7,-0.1,8.4,3.4,4.4,-1.0,0.9,26.7,7.2,14.3,115.3
458,0,14.7,10.4,8.5,18.6,9.0,2.4,6.0,-4.3,5.5,3.8,2.9,11.5,7.4,1.4,1.3,30.6,9.4,16.0,118.3
459,0,15.6,10.7,6.9,19.4,8.4,0.9,7.5,-4.4,5.1,4.7,0.7,8.2,8.4,1.4,3.2,30.5,10.5,16.5,119.8
460,0,14.4,10.2,3.0,16.4,3.8,-3.0,6.5,-6.6,3.4,1.8,0.6,0.1,7.1,-1.4,4.7,26.6,8.5,14.0,118.6
461,0,12.1,9.3,-0.1,11.7,1.0,-5.5,4.9,-9.0,2.4,-1.3,0.6,-2.4,5.7,-3.4,5.9,24.2,5.4,10.5,117.5
462,0,11.6,9.8,-1.0,9.7,-0.1,-4.4,3.6,-10.2,2.4,-2.0,2.3,-1.9,4.2,-2.6,7.0,25.5,3.7,8.9,117.9
463,0,11.7,9.6,-0.9,9.2,-2.6,-2.6,1.2,-11.4,0.7,-2.1,4.9,-2.8,1.1,-1.4,7.3,26.4,1.6,7.3,117.8
464,0,10.2,7.2,-0.6,7.6,-4.4,-2.6,-2.2,-13.6,-2.4,-2.5,4.3,0.2,-1.8,-2.1,7.0,25.1,-1.8,4.2,117.0
465,0,9.3,5.7,-0.7,7.3,-3.4,-2.0,-4.6,-14.5,-3.7,-1.1,2.3,9.3,-2.1,-1.6,7.4,25.4,-3.1,2.8,117.7
466,0,10.3,7.4,-3.3,9.5,-3.7,-0.6,-5.5,-13.0,-3.5,-0.0,1.9,12.1,-1.8,0.8,8.2,26.2,-1.3,4.0,118.9
467,0,10.0,10.0,-7.9,10.1,-6.7,-1.3,-6.1,-13.0,-4.3,-4.4,0.7,-3.0,-2.1,-0.7,9.1,20.0,-0.4,4.0,116.7
468,0,7.3,10.7,-9.7,7.7,-7.2,-3.0,-5.8,-15.3,-4.6,-11.3,-2.3,-21.2,-1.2,-6.0,10.8,9.9,-1.9,2.3,112.5
469,0,5.1,10.1,-7.6,6.4,-3.6,-1.8,-3.7,-15.6,-3.0,-12.1,-2.0,-19.9,0.7,-7.1,12.2,7.9,-2.0,2.2,112.7
470,0,4.8,9.1,-5.5,7.2,-0.3,-0.3,-1.1,-13.6,-1.8,-7.6,3.3,-8.6,1.5,-3.9,12.7,13.6,-0.2,3.8,116.5
471,0,3.9,7.4,-6.4,7.6,0.7,-1.4,0.1,-13.2,-2.6,-5.3,5.2,-11.5,2.4,-2.9,12.6,17.6,-0.1,4.6,117.9
472,0,1.8,6.1,-9.0,7.7,0.5,-2.1,-0.3,-14.8,-4.5,-6.7,-1.1,-21.6,3.6,-4.3,11.5,17.4,-1.9,4.3,115.6
473,0,1.8,7.1,-9.7,9.0,0.1,-0.3,-0.4,-15.5,-5.2,-8.2,-6.2,-16.3,3.9,-4.8,10.6,16.1,-2.1,4.8,114.8
474,0,4.4,9.9,-6.2,11.1,0.5,0.7,1.2,-14.6,-3.4,-8.0,-2.0,-2.2,4.1,-4.7,11.5,14.8,-0.0,6.7,117.4
475,0,5.1,10.4,-2.1,11.6,0.2,-0.3,2.1,-13.9,-2.0,-7.2,3.0,2.2,3.7,-4.4,12.6,14.7,0.1,8.0,119.0
476,0,2.9,7.8,-1.6,10.4,-2.2,-0.1,1.0,-14.3,-2.7,-6.4,2.8,1.3,1.3,-2.9,12.2,16.7,-2.3,8.0,118.4
477,0,1.7,6.0,-3.1,9.6,-4.8,1.4,0.7,-14.3,-2.6,-5.5,3.7,3.0,-0.5,-0.8,11.8,19.2,-3.6,8.5,119.3
478,0,0.3,5.4,-4.9,8.9,-6.5,0.5,0.6,-14.3,-1.7,-5.5,5.0,-0.1,-0.6,-1.3,10.9,19.5,-4.5,9.0,121.2
479,0,-2.6,3.6,-7.6,7.2,-7.2,-2.2,-1.5,-15.0,-2.7,-6.1,1.5,-4.4,-1.1,-2.6,7.7,19.5,-7.2,7.8,121.8
480,0,-2.8,2.4,-9.2,6.4,-5.6,-2.0,-3.7,-14.5,-4.5,-4.7,-1.1,3.5,-2.2,-0.6,4.3,22.7,-8.2,6.9,123.4
481,0,0.2,2.8,-8.2,7.1,-3.6,-0.8,-4.3,-12.9,-5.4,-2.4,1.1,13.2,-3.7,1.2,2.9,25.9,-6.3,7.3,127.0
482,0,1.1,1.6,-6.8,6.4,-5.2,-3.5,-4.9,-13.0,-6.3,-3.2,1.3,5.6,-5.8,-1.9,2.9,24.0,-5.7,6.8,128.1
483,0,-0.2,-1.4,-5.9,3.8,-7.9,-7.0,-5.6,-15.1,-6.2,-6.2,-2.3,-10.2,-5.7,-5.9,3.7,19.5,-7.3,5.6,126.9
484,0,0.4,-2.4,-3.9,2.8,-7.1,-6.8,-4.7,-16.0,-3.5,-7.5,-1.4,-12.3,-2.7,-6.1,5.1,17.2,-7.5,6.0,128.3
485,0,2.0,-2.1,-1.5,4.6,-4.6,-5.2,-3.3,-14.9,-0.7,-7.3,3.8,-3.5,-0.5,-4.1,7.1,16.1,-6.0,7.3,132.4
486,0,1.9,-4.3,-1.5,6.8,-4.4,-4.7,-3.1,-13.6,0.2,-7.1,6.6,2.1,-0.6,-2.5,9.6,14.8,-5.8,7.6,134.9
487,0,2.6,-6.7,-2.0,8.2,-4.3,-3.4,-2.4,-12.4,1.3,-5.7,8.7,5.6,0.1,-2.6,12.4,15.3,-5.7,8.2,136.0
488,0,6.6,-4.9,1.5,9.6,-0.7,-1.6,-0.2,-10.7,3.8,-4.4,11.9,8.9,3.1,-4.6,14.3,16.0,-2.3,10.2,136.9
489,0,10.2,-0.4,8.0,10.2,3.8,-2.5,1.7,-10.1,4.9,-5.9,11.5,3.4,6.4,-7.3,14.0,13.2,2.4,11.9,135.8
490,0,11.3,2.6,12.9,9.9,6.4,-4.8,2.2,-10.4,5.1,-7.2,10.4,-4.6,8.8,-8.5,13.0,11.0,4.2,12.5,134.5
491,0,11.8,4.3,14.2,10.4,7.3,-4.4,2.7,-9.8,5.0,-4.7,12.7,-1.2,9.2,-6.6,11.6,14.6,3.7,12.9,136.2
492,0,13.3,6.3,13.0,12.5,7.6,-1.4,3.0,-9.4,3.5,-2.0,12.1,6.1,6.3,-3.4,10.5,18.3,2.5,12.0,138.3
493,0,15.4,8.4,11.9,15.6,7.4,1.4,3.8,-9.6,2.4,-1.8,7.4,4.0,2.6,-0.7,10.9,17.2,2.0,10.7,139.4
494,0,17.3,11.1,13.7,19.0,7.3,4.6,5.8,-8.3,3.8,-1.3,5.2,-3.4,2.0,1.5,12.3,16.2,3.2,11.5,141.3
495,0,18.2,13.3,16.6,20.3,7.0,9.0,6.3,-6.8,3.8,-1.6,2.8,-9.8,3.2,3.0,11.8,15.7,4.2,12.2,141.9
496,0,17.2,13.1,16.9,17.8,5.4,11.7,3.4,-8.1,-0.2,-5.7,-4.6,-15.4,1.8,3.3,9.3,11.1,2.4,9.2,138.7
497,0,15.5,10.6,14.3,14.2,3.5,11.7,1.0,-9.6,-3.1,-8.6,-9.3,-16.6,-0.9,3.6,8.2,7.6,-0.8,6.1,136.4
498,0,15.3,8.5,12.7,12.1,4.3,10.1,2.7,-8.9,-1.0,-5.3,-5.9,-12.3,-0.2,4.3,10.0,12.0,-2.2,6.9,139.0
499,0,16.0,7.6,13.1,10.8,5.8,7.3,5.2,-9.4,2.3,-1.3,0.0,-6.7,2.5,3.5,12.8,17.5,-2.0,8.5,142.9
500,0,14.7,6.6,12.1,8.9,2.6,4.2,3.7,-12.9,2.8,-2.2,3.9,-0.3,1.7,0.6,14.0,15.3,-3.0,6.6,143.9
501,0,12.4,6.1,9.6,7.8,-2.9,3.1,0.2,-15.1,1.5,-3.8,6.4,6.3,-1.8,-1.7,12.8,11.2,-4.9,4.1,144.1
502,0,12.2,6.5,8.1,8.0,-3.8,3.8,-1.2,-13.7,0.8,-2.1,4.9,7.3,-2.7,-1.2,10.1,12.9,-5.7,4.1,145.2
503,0,13.8,5.7,6.7,7.1,-1.2,3.5,-1.6,-12.2,0.2,-1.5,-1.4,0.5,-0.8,0.6,7.1,15.0,-6.0,3.8,145.0
504,0,15.1,4.4,5.4,5.9,0.1,1.9,-1.4,-11.3,0.3,-3.2,-4.3,-5.0,0.6,2.0,5.8,14.0,-5.5,3.4,144.9
505,0,15.9,4.7,5.8,7.3,0.2,1.7,1.5,-8.5,2.8,-2.3,-0.6,-1.7,2.1,3.6,6.8,14.1,-3.4,6.2,147.8
506,0,15.8,4.5,6.4,9.0,1.5,2.8,5.0,-6.2,5.6,-0.5,1.3,3.1,4.2,4.8,9.3,14.9,-2.3,9.0,150.1
507,0,14.5,3.0,5.5,7.8,2.6,3.4,4.9,-6.7,6.1,-1.3,-0.2,2.8,4.8,4.3,11.7,14.0,-3.9,7.6,149.2
508,0,13.0,2.4,4.9,5.9,1.8,3.2,2.8,-7.0,6.1,-1.4,2.3,2.2,3.9,2.6,13.1,14.6,-5.5,5.4,149.3
509,0,11.0,1.0,4.2,4.7,-0.5,1.5,1.6,-5.9,7.0,1.3,8.3,5.5,3.4,1.6,14.1,17.7,-6.2,5.8,152.5
510,0,7.9,-2.8,2.1,2.8,-2.1,-0.8,0.0,-6.2,7.2,3.6,10.8,10.8,2.8,1.0,14.9,19.1,-7.5,6.1,155.1
511,0,5.0,-5.1,0.3,1.2,-1.4,-1.0,-2.6,-7.5,4.5,3.3,7.9,13.0,0.6,0.7,13.2,16.9,-8.1,5.1,154.9
512,0,4.0,-3.9,0.5,2.1,-0.2,1.4,-4.5,-7.2,1.0,1.8,4.0,11.7,-2.1,1.6,10.2,14.3,-6.7,5.2,153.8
513,0,5.6,-1.8,2.4,4.1,0.6,3.8,-4.2,-5.9,0.7,1.1,2.7,7.9,-2.6,3.3,10.6,14.3,-4.4,7.0,153.7
514,0,9.3,0.4,5.5,5.8,2.2,4.9,-2.4,-5.1,3.6,0.7,4.7,1.7,-0.2,3.9,14.3,14.9,-2.3,8.6,155.2
515,0,13.1,3.4,9.3,7.3,4.3,5.5,-0.5,-3.4,7.3,0.9,10.5,0.8,2.3,3.8,17.9,14.8,-0.4,9.9,158.5
516,0,15.7,5.3,12.9,8.4,5.7,6.6,1.6,0.1,11.3,2.7,18.1,9.1,3.8,5.5,20.7,14.9,1.1,11.9,163.5
517,0,16.7,5.0,15.7,8.0,7.4,8.4,3.5,3.3,13.3,3.8,19.6,12.8,5.1,8.2,22.4,15.2,2.1,13.2,166.1
518,0,16.4,4.0,17.0,7.0,10.4,10.7,4.1,4.5,10.9,3.0,12.8,7.3,6.1,9.9,21.2,15.8,3.0,12.7,164.7
519,0,16.9,4.9,17.5,7.9,14.1,13.3,4.5,6.0,7.4,3.2,5.0,5.9,7.0,11.2,18.7,18.1,4.4,12.1,163.2
520,0,18.5,7.5,18.8,9.5,16.1,14.7,5.1,8.0,6.2,4.4,0.0,10.6,7.1,12.6,18.6,20.2,6.2,11.9,162.6
521,0,18.5,9.4,20.6,8.7,13.9,13.5,3.9,7.1,5.8,2.5,-2.6,10.9,5.3,11.6,20.5,18.4,6.8,9.6,160.5
522,0,16.4,10.0,21.8,6.0,9.2,11.4,0.7,4.1,3.9,-1.5,-2.3,5.9,2.5,8.7,20.2,15.0,6.4,5.9,157.4
523,0,14.3,10.0,22.3,5.1,7.4,10.7,-1.8,2.6,1.4,-3.6,0.0,1.3,0.6,7.7,17.2,13.8,6.2,3.8,156.0
524,0,13.6,9.2,22.4,6.1,10.4,10.2,-1.8,3.1,0.8,-3.2,3.3,-1.3,0.5,7.9,15.2,13.4,6.4,3.6,157.1
525,0,14.5,8.1,22.4,6.7,15.8,8.8,0.4,4.2,3.5,-1.1,7.0,-0.3,2.5,7.3,16.1,13.7,7.1,4.3,160.5
526,0,15.7,8.3,22.8,6.8,19.4,7.6,2.6,5.9,6.7,2.4,9.0,3.0,4.9,7.3,17.0,16.5,7.8,5.4,164.5
527,0,16.0,10.3,23.0,7.1,17.3,7.6,2.0,7.2,6.5,4.2,7.0,2.8,3.8,8.5,15.5,19.4,8.1,5.4,165.4
528,0,16.0,12.9,23.0,7.9,12.0,8.5,0.2,6.8,4.5,2.6,4.0,2.7,-0.0,9.0,14.1,18.5,7.7,4.7,163.9
529,0,16.9,14.6,23.2,9.0,10.6,8.8,1.3,6.0,5.3,1.7,5.1,8.0,-0.5,9.0,15.2,16.2,8.0,5.5,164.7
530,0,18.2,15.4,23.9,10.6,14.3,8.4,4.2,6.0,7.2,3.7,6.9,11.8,2.6,9.4,15.9,16.5,8.9,7.3,168.1
531,0,19.4,15.3,24.3,10.7,17.4,8.2,4.4,5.2,6.6,4.7,5.3,11.3,4.3,8.8,15.0,17.8,8.7,7.4,170.0
532,0,19.6,14.0,24.2,8.1,17.9,7.9,3.0,2.7,6.0,3.4,5.5,13.3,4.4,6.2,15.7,17.4,6.8,6.1,170.0
533,0,18.6,13.2,23.7,5.6,19.1,8.2,4.1,1.9,8.5,3.2,10.2,17.0,5.5,4.5,18.5,17.9,5.7,7.0,170.5
534,0,17.0,13.7,22.6,5.9,21.0,9.9,6.0,4.3,10.8,4.3,12.7,16.7,6.1,5.9,19.7,20.8,6.4,9.5,170.9
535,0,15.0,12.8,20.7,6.3,19.1,10.3,4.7,5.6,10.2,3.4,11.5,14.0,4.7,7.0,19.3,21.5,5.8,9.9,169.2
536,0,13.2,10.2,18.9,4.2,14.5,7.7,2.5,3.5,10.1,1.0,10.5,13.0,4.4,4.9,19.5,19.0,3.2,8.5,167.3
537,0,13.0,9.1,18.1,1.8,13.5,4.5,3.0,0.6,11.4,0.7,8.9,12.2,6.6,3.0,19.3,18.3,1.0,8.6,167.1
538,0,13.9,9.1,18.9,0.8,17.1,3.4,4.2,-1.5,11.5,1.1,6.5,10.3,7.5,2.6,17.4,19.6,-0.3,9.3,167.4
539,0,13.3,8.2,21.3,0.5,19.9,3.3,4.4,-3.7,11.2,-0.4,8.6,11.3,5.5,0.2,16.0,18.7,-0.9,9.3,167.5
540,0,12.3,7.3,24.9,1.0,20.0,2.8,4.6,-5.4,12.6,-3.2,12.6,13.3,4.0,-4.2,16.7,15.3,0.6,9.7,167.2
541,0,12.8,8.2,27.1,3.2,19.5,3.2,4.1,-5.3,12.1,-5.5,10.3,6.9,4.0,-6.0,15.6,13.2,3.2,10.6,165.2
542,0,14.2,9.8,27.0,7.2,19.0,5.5,2.4,-2.6,8.6,-4.9,4.4,-2.2,3.0,-3.2,11.6,15.4,5.2,11.5,163.7
543,0,15.2,11.1,26.3,10.7,18.1,7.7,2.3,1.5,7.9,-0.5,3.3,1.4,1.8,0.7,9.2,20.5,6.7,13.7,166.7
544,0,15.4,10.9,25.1,10.2,17.0,6.7,4.3,3.2,10.9,3.1,5.1,12.3,3.4,1.7,10.4,22.6,6.6,15.6,170.6
545,0,14.5,8.3,22.7,6.3,16.0,4.3,4.8,0.4,12.4,2.4,5.1,14.9,5.3,-0.8,11.3,20.6,3.6,14.6,170.2
546,0,12.9,5.4,20.6,3.9,14.3,3.4,3.5,-3.6,11.4,0.2,4.6,10.1,4.4,-3.9,10.3,18.8,0.5,12.2,167.9
547,0,12.2,4.6,19.6,3.2,12.4,2.4,2.4,-6.7,10.6,-2.4,3.3,6.1,2.2,-6.6,9.2,16.3,-0.9,10.6,166.3
548,0,12.8,5.7,19.6,2.6,12.2,0.7,2.1,-8.5,9.7,-5.8,-1.6,3.2,1.4,-8.8,8.2,12.9,-2.1,9.2,164.6
549,0,13.5,7.6,22.0,4.1,15.5,0.8,3.8,-7.6,8.7,-6.8,-5.4,1.4,2.9,-8.0,7.1,12.6,-1.9,9.2,165.0
550,0,13.7,9.0,25.6,7.6,20.4,2.2,7.2,-4.4,10.1,-4.1,-2.3,4.3,5.5,-5.0,7.1,15.6,0.1,11.8,168.5
551,0,13.3,9.8,25.3,9.1,21.3,2.4,9.4,-2.2,13.3,-0.6,3.5,9.4,7.6,-3.9,8.3,19.0,1.2,13.8,171.2
552,0,12.2,10.8,19.9,8.3,16.5,2.7,9.0,-1.6,15.0,2.0,7.0,9.2,6.4,-3.4,9.4,22.6,0.5,13.6,171.3
553,0,10.6,11.6,14.4,7.9,11.6,4.7,8.1,-1.3,14.9,4.0,9.3,8.3,3.0,-1.4,9.6,25.9,0.0,13.3,171.3
554,0,10.3,11.4,12.7,7.8,11.0,7.1,7.9,-1.0,14.0,4.7,10.7,15.8,1.5,-0.2,8.9,27.3,0.5,14.6,171.8
555,0,11.8,10.8,12.8,6.5,12.3,8.1,6.6,-2.1,10.6,3.0,7.8,21.7,1.0,-1.0,7.0,26.8,-0.2,15.4,170.1
556,0,12.9,10.9,11.8,4.7,13.0,7.7,3.9,-4.4,5.5,-1.1,1.4,13.7,-0.5,-1.9,4.6,24.8,-2.2,14.4,166.2
557,0,13.8,12.4,12.0,4.8,15.4,7.4,3.6,-5.0,4.2,-3.3,-1.3,4.5,0.0,-0.6,4.6,23.2,-2.1,14.5,165.1
558,0,16.4,15.3,15.5,7.2,19.3,9.0,7.2,-3.1,8.4,-0.6,2.4,8.1,3.8,2.3,8.4,24.6,1.4,17.6,168.7
559,0,18.9,17.8,18.2,8.7,21.1,10.8,10.5,-2.2,12.5,2.6,5.5,15.0,6.5,3.0,12.5,25.1,4.0,20.5,171.2
560,0,18.7,19.2,16.9,8.9,21.0,11.0,11.0,-3.4,13.1,2.6,5.4,15.7,6.5,1.6,13.4,22.2,4.4,21.1,170.3
561,0,16.3,19.2,12.9,9.5,20.5,10.9,9.9,-3.6,12.1,2.3,6.1,14.5,6.1,1.2,12.0,21.1,4.9,21.2,169.8
562,0,12.2,16.7,7.2,8.2,17.0,10.0,6.7,-3.9,10.2,1.9,6.6,12.4,4.3,0.1,10.2,22.7,4.0,20.1,169.6
563,0,7.2,12.7,1.0,3.7,9.7,7.1,1.4,-6.9,7.7,-0.8,4.5,9.7,0.3,-3.2,9.1,21.5,-0.1,16.8,167.5
564,0,5.0,10.1,-2.1,0.1,3.9,4.6,-1.4,-10.5,7.8,-3.4,3.3,10.7,-2.0,-5.4,10.5,17.0,-3.9,14.0,166.0
565,0,8.0,10.8,-0.2,0.7,4.3,5.1,-0.1,-10.9,11.5,-2.6,5.5,13.6,0.1,-4.6,14.0,15.2,-2.8,14.0,167.3
566,0,13.0,14.0,4.7,3.5,9.3,7.2,1.9,-8.6,13.6,0.6,6.2,12.8,2.5,-2.0,15.6,17.8,2.0,15.4,169.6
567,0,13.9,16.0,8.7,4.4,13.2,6.2,1.5,-7.3,11.2,1.7,2.5,9.2,1.6,-0.5,13.9,19.0,5.7,14.9,170.2
568,0,10.6,15.3,9.9,3.7,13.8,2.5,0.7,-7.7,9.2,-0.0,1.9,7.6,0.5,-1.4,13.4,16.2,6.9,13.5,170.1
569,0,8.8,14.4,10.3,4.3,13.9,1.8,1.8,-6.7,10.4,-0.6,5.4,8.5,2.0,-1.3,14.9,15.1,8.5,14.2,171.0
570,0,10.2,14.7,10.5,5.6,14.4,5.6,2.7,-3.9,11.2,1.5,3.1,9.9,3.1,0.8,14.5,17.7,11.2,15.9,172.0
571,0,10.2,14.7,9.8,6.1,13.5,8.7,1.2,-2.9,10.8,2.7,-3.0,9.1,2.7,1.2,12.9,17.7,12.5,14.9,171.7
572,0,8.0,13.7,9.4,5.3,12.6,8.4,-1.1,-4.6,11.1,0.3,-4.3,2.7,2.8,-1.1,12.9,13.3,11.9,10.9,170.3
573,0,5.9,11.6,10.1,3.9,13.2,6.2,-2.7,-6.7,10.9,-3.2,-4.5,-5.4,2.4,-3.2,12.7,10.8,10.4,7.1,169.2
574,0,4.6,8.4,10.6,2.7,13.3,3.5,-3.7,-7.9,9.5,-3.6,-6.6,-6.4,-0.0,-3.9,10.2,13.0,8.8,5.5,170.0
575,0,3.6,5.9,10.1,2.3,11.9,0.9,-3.5,-9.0,9.7,-1.8,-4.4,-2.7,-1.3,-4.2,8.3,15.9,8.4,4.8,172.2
576,0,5.1,6.6,10.6,3.7,11.9,1.1,-0.8,-8.7,12.9,1.0,2.0,0.7,1.7,-3.0,8.2,19.4,11.0,4.8,175.7
577,0,8.5,10.3,12.2,7.1,14.2,4.7,3.6,-5.7,16.8,5.0,5.7,5.9,6.3,1.0,8.7,24.3,15.3,6.3,180.2
578,0,8.0,11.8,11.5,9.0,13.0,6.5,5.6,-4.1,18.2,5.7,4.6,10.6,6.9,2.7,10.2,23.2,15.8,6.4,181.9
579,0,3.1,9.7,8.4,8.1,8.0,3.8,4.3,-5.9,17.1,1.3,1.1,8.3,4.3,-1.0,12.8,15.6,12.3,4.1,179.4
580,0,2.5,10.1,9.7,9.2,8.8,3.5,4.8,-5.0,16.9,0.2,-0.7,3.9,5.0,-2.8,14.6,14.9,12.7,4.8,178.5
581,0,8.5,14.7,16.6,14.5,17.5,9.2,9.4,1.1,18.9,6.3,0.9,7.2,9.4,3.8,15.0,25.1,18.7,10.1,182.3
582,0,13.2,17.8,20.9,18.6,22.6,14.6,12.4,5.4,20.6,11.5,3.8,14.5,10.8,11.7,15.6,32.6,22.4,12.9,185.4
583,0,13.1,17.8,20.2,18.9,20.1,15.2,12.1,4.6,21.5,11.2,6.7,17.2,8.9,12.5,17.5,31.7,21.0,10.8,185.0
584,0,12.2,18.2,20.8,19.0,18.1,14.4,12.6,3.3,22.7,10.0,8.9,17.7,8.5,9.2,19.4,31.1,19.6,9.3,184.6
585,0,11.4,18.6,24.2,20.1,20.0,13.7,14.7,2.9,22.8,10.1,8.2,19.0,9.7,7.7,20.0,33.2,19.8,10.5,184.9
586,0,9.4,17.2,26.4,19.9,21.6,11.0,15.4,1.2,21.3,8.0,7.2,15.7,10.5,6.9,20.2,30.5,18.7,10.9,183.9
587,0,9.4,17.3,27.3,19.9,22.5,9.4,15.4,-0.0,21.4,5.3,10.4,8.0,12.3,5.7,21.2,24.5,17.3,11.0,183.1
588,0,12.5,20.4,29.2,22.6,23.7,12.6,16.5,2.3,24.5,7.2,14.6,6.2,15.1,7.5,22.6,25.2,18.3,13.1,184.8
589,0,14.1,21.8,29.5,24.1,22.4,16.5,16.9,5.5,26.7,11.6,14.8,11.8,15.0,11.5,24.9,31.5,19.9,15.8,186.8
590,0,11.7,18.9,26.2,21.2,17.8,16.0,14.7,5.2,24.9,12.3,11.8,15.0,11.6,12.2,26.6,32.7,19.4,16.0,185.9
591,0,9.3,15.4,22.2,16.6,14.6,13.1,11.2,1.6,20.8,9.0,7.4,11.1,8.6,9.9,26.1,28.6,17.0,14.0,182.2
592,0,9.5,14.3,20.1,13.2,15.3,11.5,8.6,-2.5,17.2,4.8,2.5,5.2,7.8,8.5,24.7,25.3,14.0,11.4,178.2
593,0,11.2,14.5,19.9,11.4,18.2,10.3,8.3,-6.3,16.3,1.7,0.4,2.7,8.5,6.7,24.5,22.8,12.2,9.7,176.1
594,0,13.2,15.1,21.4,11.7,21.3,9.4,10.1,-8.8,19.1,1.4,3.3,4.7,10.7,3.2,26.1,21.7,13.1,10.3,176.7
595,0,14.2,16.9,23.7,14.8,22.1,11.7,12.5,-8.4,24.2,4.0,9.3,8.5,12.9,3.0,29.0,26.2,15.6,13.5,179.9
596,0,13.9,18.7,25.1,18.2,19.5,16.2,14.0,-5.8,27.8,6.8,14.1,10.8,13.4,7.6,31.4,32.2,17.1,17.4,183.4
597,0,13.5,18.1,24.5,18.1,17.2,17.3,14.0,-4.1,27.2,6.7,13.4,9.0,13.0,10.7,32.0,31.3,15.5,19.3,184.0
598,0,13.7,16.2,22.2,15.2,17.9,14.7,12.4,-4.2,24.2,5.4,6.8,3.7,13.0,8.8,30.7,27.0,11.2,19.0,181.6
599,0,13.2,15.5,20.6,12.9,18.6,12.5,11.2,-3.5,23.2,5.8,2.8,3.2,13.1,6.1,29.0,26.8,7.7,19.0,180.3
